"A";"P";"L";"SW";"k";"iterations";"time";"improvements";"minimums";"updates";"aspirations";"conflicts";"guidance";"score";"final_conflicts";"final_guidance";"final_score"
"0";"0";"0.1";"1";"7";"5108";"2";"784";"638";"1975";"0";"848";"155";"8635";"9";"132";"222"
"0";"0";"0.4";"1";"5";"15208";"4";"1632";"1861";"5005";"0";"1183";"158";"12462";"0";"0";"0"
"0";"0";"0.7";"1";"5";"10789";"3";"1675";"1435";"2687";"0";"1317";"122";"14024";"0";"0";"0"
"0";"0";"1.0";"1";"6";"7475";"2";"1301";"214";"1716";"0";"1220";"353";"15730";"24";"200";"2240"
"0";"0";"1.3";"1";"5";"9363";"2";"1652";"797";"1735";"0";"1114";"175";"13415";"0";"0";"0"
"0";"0";"1.6";"1";"5";"20479";"4";"1710";"1803";"4738";"0";"1088";"377";"16912";"0";"0";"0"
"0";"0";"1.9";"1";"5";"19281";"4";"1723";"2033";"4404";"0";"1142";"345";"17975";"0";"0";"0"
"0";"0";"2.2";"1";"5";"9992";"2";"1715";"498";"1395";"0";"1179";"165";"15420";"0";"0";"0"
"0";"0";"2.5";"1";"5";"10166";"2";"1675";"397";"1339";"0";"1043";"150";"14180";"0";"0";"0"
"0";"0";"2.8";"1";"5";"11233";"3";"1721";"783";"1687";"0";"1191";"179";"16922";"0";"0";"0"
"0";"0";"3.1";"1";"5";"14281";"3";"1606";"889";"2420";"0";"1116";"254";"19034";"0";"0";"0"
"0";"0";"3.4";"1";"5";"14613";"3";"1609";"1088";"2497";"0";"1116";"254";"19796";"0";"0";"0"
"0";"0";"3.7";"1";"6";"9496";"2";"1175";"346";"1506";"0";"1059";"314";"22208";"14";"99";"3803"
"0";"0";"4.0";"1";"6";"8986";"1";"1232";"183";"1226";"0";"1138";"306";"23620";"9";"108";"4410"
"0";"0";"4.3";"1";"5";"21365";"4";"1728";"1782";"4106";"0";"1086";"347";"25781";"0";"0";"0"
"0";"0";"4.6";"1";"6";"10914";"2";"1237";"194";"1491";"0";"1072";"325";"25670";"19";"148";"6998"
"0";"0";"4.9";"1";"6";"10914";"2";"1237";"194";"1491";"0";"1072";"325";"26645";"29";"212";"10678"
"0";"0";"5.2";"1";"5";"18121";"2";"1607";"942";"3315";"0";"1141";"486";"36682";"0";"0";"0"
"0";"0";"5.5";"1";"6";"13099";"3";"1151";"540";"2425";"0";"1240";"583";"44465";"12";"100";"5620"
"0";"0";"5.8";"1";"5";"18142";"3";"1606";"945";"3320";"0";"1136";"484";"39432";"0";"0";"0"
"0";"0";"6.1";"1";"5";"25282";"4";"1670";"2473";"5797";"0";"1041";"621";"48291";"0";"0";"0"
"0";"0";"6.4";"1";"5";"25282";"4";"1670";"2473";"5797";"0";"1041";"621";"50154";"0";"0";"0"
"0";"0";"6.7";"1";"6";"14082";"4";"1215";"933";"2779";"0";"1041";"621";"52017";"13";"104";"7098"
"0";"0";"7.0";"1";"5";"19280";"4";"1562";"1972";"3805";"0";"1094";"312";"32780";"0";"0";"0"
"0";"0";"7.3";"1";"6";"10270";"3";"1225";"60";"1048";"0";"1372";"503";"50439";"15";"131";"9713"
"0";"0";"7.6";"1";"6";"10270";"2";"1225";"60";"1048";"0";"1372";"503";"51948";"7";"53";"4098"
"0";"0";"7.9";"1";"6";"10270";"2";"1225";"60";"1048";"0";"1372";"503";"53457";"7";"60";"4810"
"0";"0";"8.2";"1";"6";"10158";"2";"1221";"247";"1291";"0";"1312";"446";"49692";"35";"167";"14044"
"0";"0";"8.5";"1";"6";"10158";"2";"1221";"247";"1291";"0";"1312";"446";"51030";"44";"124";"10980"
"0";"0";"8.8";"1";"6";"10158";"2";"1221";"247";"1291";"0";"1312";"446";"52368";"28";"175";"15680"
"0";"0";"9.1";"1";"6";"14144";"3";"1253";"909";"2569";"0";"1194";"489";"56439";"26";"174";"16094"
"0";"0";"9.4";"1";"6";"14144";"3";"1253";"909";"2569";"0";"1194";"489";"57906";"21";"145";"13840"
"0";"0";"9.7";"1";"6";"14144";"3";"1253";"909";"2569";"0";"1194";"489";"59373";"14";"155";"15175"
"0";"1";"dynamic";"1";"5";"15274";"3";"1571";"1151";"2707";"0";"1159";"0";"11590";"0";"0";"0"
"0";"1";"0.1";"1";"6";"9608";"4";"1134";"1526";"4194";"0";"1220";"0";"12200";"16";"226";"386"
"0";"1";"0.4";"1";"6";"4594";"1";"1161";"304";"1113";"0";"1188";"0";"11880";"1";"91";"374"
"0";"1";"0.7";"1";"5";"10305";"2";"1608";"1561";"2775";"0";"1214";"0";"12140";"0";"0";"0"
"0";"1";"1.0";"1";"5";"9863";"3";"1609";"231";"2526";"0";"1170";"0";"11700";"0";"0";"0"
"0";"1";"1.3";"1";"5";"11936";"2";"1670";"784";"2275";"0";"1252";"0";"12520";"0";"0";"0"
"0";"1";"1.6";"1";"6";"6208";"1";"1192";"180";"939";"0";"1225";"0";"12250";"14";"120";"2060"
"0";"1";"1.9";"1";"5";"12777";"2";"1672";"1284";"2484";"0";"1299";"0";"12990";"0";"0";"0"
"0";"1";"2.2";"1";"5";"13334";"3";"1544";"1260";"2574";"0";"1055";"0";"10550";"0";"0";"0"
"0";"1";"2.5";"1";"5";"13183";"2";"1571";"1100";"2632";"0";"1140";"0";"11400";"0";"0";"0"
"0";"1";"2.8";"1";"5";"11626";"2";"1592";"740";"1975";"0";"1174";"0";"11740";"0";"0";"0"
"0";"1";"3.1";"1";"5";"14021";"3";"1601";"949";"2312";"0";"1155";"0";"11550";"0";"0";"0"
"0";"1";"3.4";"1";"5";"12220";"2";"1599";"483";"1740";"0";"1155";"0";"11550";"0";"0";"0"
"0";"1";"3.7";"1";"5";"15865";"3";"1512";"809";"2781";"0";"1173";"0";"11730";"0";"0";"0"
"0";"1";"4.0";"1";"5";"13680";"3";"1622";"1113";"2762";"0";"1220";"0";"12200";"0";"0";"0"
"0";"1";"4.3";"1";"5";"8435";"1";"1495";"347";"1012";"0";"1165";"0";"11650";"0";"0";"0"
"0";"1";"4.6";"1";"6";"4773";"1";"1086";"93";"496";"0";"1165";"0";"11650";"26";"203";"9598"
"0";"1";"4.9";"1";"6";"4773";"0";"1086";"93";"496";"0";"1165";"0";"11650";"20";"249";"12401"
"0";"1";"5.2";"1";"6";"5968";"1";"1171";"57";"584";"0";"1160";"0";"11600";"16";"185";"9780"
"0";"1";"5.5";"1";"5";"12796";"2";"1613";"538";"1779";"0";"1176";"0";"11760";"0";"0";"0"
"0";"1";"5.8";"1";"5";"15237";"3";"1613";"1107";"2500";"0";"1176";"0";"11760";"0";"0";"0"
"0";"1";"6.1";"1";"5";"13332";"2";"1504";"651";"2066";"0";"1129";"0";"11290";"0";"0";"0"
"0";"1";"6.4";"1";"5";"13332";"2";"1504";"651";"2066";"0";"1129";"0";"11290";"0";"0";"0"
"0";"1";"6.7";"1";"5";"14739";"4";"1516";"959";"2447";"0";"1219";"0";"12190";"0";"0";"0"
"0";"1";"7.0";"1";"5";"9724";"1";"1582";"283";"1093";"0";"982";"0";"9820";"0";"0";"0"
"0";"1";"7.3";"1";"6";"11522";"3";"1133";"497";"1873";"0";"1175";"0";"11750";"31";"97";"7391"
"0";"1";"7.6";"1";"6";"11522";"2";"1133";"497";"1873";"0";"1175";"0";"11750";"22";"93";"7288"
"0";"1";"7.9";"1";"6";"11522";"2";"1133";"497";"1873";"0";"1175";"0";"11750";"24";"84";"6876"
"0";"1";"8.2";"1";"5";"10322";"1";"1577";"268";"1286";"0";"1080";"0";"10800";"0";"0";"0"
"0";"1";"8.5";"1";"5";"10322";"1";"1577";"268";"1286";"0";"1080";"0";"10800";"0";"0";"0"
"0";"1";"8.8";"1";"5";"10322";"1";"1577";"268";"1286";"0";"1080";"0";"10800";"0";"0";"0"
"0";"1";"9.1";"1";"5";"13955";"3";"1614";"1062";"2313";"0";"1233";"0";"12330";"0";"0";"0"
"0";"1";"9.4";"1";"5";"13955";"3";"1614";"1062";"2313";"0";"1233";"0";"12330";"0";"0";"0"
"0";"1";"9.7";"1";"5";"13955";"3";"1614";"1062";"2313";"0";"1233";"0";"12330";"0";"0";"0"
"1";"0";"0.1";"1";"7";"4992";"1";"783";"654";"1927";"4";"843";"160";"8590";"4";"96";"136"
"1";"0";"0.4";"1";"6";"6090";"1";"1178";"558";"1679";"23";"1069";"227";"11598";"18";"251";"1184"
"1";"0";"0.7";"1";"5";"11384";"2";"1639";"1192";"2960";"83";"1175";"177";"12989";"0";"0";"0"
"1";"0";"1.0";"1";"6";"7367";"2";"1299";"155";"1559";"89";"1261";"265";"15260";"3";"39";"420"
"1";"0";"1.3";"1";"5";"8169";"1";"1692";"346";"1236";"283";"1182";"128";"13484";"0";"0";"0"
"1";"0";"1.6";"1";"6";"5344";"1";"1272";"99";"609";"234";"1233";"160";"14890";"17";"202";"3402"
"1";"0";"1.9";"1";"5";"11670";"2";"1725";"880";"2081";"384";"1093";"202";"14768";"0";"0";"0"
"1";"0";"2.2";"1";"5";"14421";"3";"1670";"1093";"2583";"542";"1164";"190";"15820";"0";"0";"0"
"1";"0";"2.5";"1";"5";"13065";"3";"1751";"763";"2271";"546";"1275";"193";"17575";"0";"0";"0"
"1";"0";"2.8";"1";"5";"11434";"2";"1790";"567";"1672";"617";"1268";"210";"18560";"0";"0";"0"
"1";"0";"3.1";"1";"5";"11496";"2";"1696";"576";"1641";"539";"1090";"178";"16418";"0";"0";"0"
"1";"0";"3.4";"1";"5";"12083";"2";"1685";"682";"1787";"541";"1067";"183";"16892";"0";"0";"0"
"1";"0";"3.7";"1";"5";"12096";"3";"1682";"700";"1801";"544";"1054";"166";"16682";"0";"0";"0"
"1";"0";"4.0";"1";"5";"14564";"3";"1796";"645";"2256";"558";"1412";"352";"28200";"0";"0";"0"
"1";"0";"4.3";"1";"6";"8397";"1";"1197";"79";"795";"404";"1087";"287";"23211";"20";"171";"7553"
"1";"0";"4.6";"1";"6";"9607";"2";"1195";"206";"1109";"410";"1093";"302";"24822";"17";"168";"7898"
"1";"0";"4.9";"1";"6";"9607";"2";"1195";"206";"1109";"410";"1093";"302";"25728";"21";"163";"8197"
"1";"0";"5.2";"1";"5";"13565";"2";"1594";"715";"1848";"556";"1001";"235";"22230";"0";"0";"0"
"1";"0";"5.5";"1";"5";"13012";"3";"1593";"576";"1683";"555";"1001";"235";"22935";"0";"0";"0"
"1";"0";"5.8";"1";"5";"13013";"2";"1593";"577";"1683";"555";"1001";"235";"23640";"0";"0";"0"
"1";"0";"6.1";"1";"6";"7388";"2";"1169";"227";"912";"301";"1132";"295";"29315";"19";"154";"9584"
"1";"0";"6.4";"1";"6";"7388";"1";"1169";"227";"912";"301";"1132";"295";"30200";"14";"133";"8652"
"1";"0";"6.7";"1";"6";"7388";"1";"1169";"227";"912";"301";"1132";"295";"31085";"21";"136";"9322"
"1";"0";"7.0";"1";"6";"9297";"2";"1225";"146";"994";"378";"1117";"334";"34550";"10";"106";"7520"
"1";"0";"7.3";"1";"5";"13536";"2";"1621";"814";"2055";"494";"1106";"272";"30916";"0";"0";"0"
"1";"0";"7.6";"1";"5";"13536";"2";"1621";"814";"2055";"494";"1106";"272";"31732";"0";"0";"0"
"1";"0";"7.9";"1";"5";"13536";"2";"1621";"814";"2055";"494";"1106";"272";"32548";"0";"0";"0"
"1";"0";"8.2";"1";"5";"12703";"2";"1666";"226";"1375";"715";"1176";"306";"36852";"0";"0";"0"
"1";"0";"8.5";"1";"5";"12703";"2";"1666";"226";"1375";"715";"1176";"306";"37770";"0";"0";"0"
"1";"0";"8.8";"1";"5";"12703";"2";"1666";"226";"1375";"715";"1176";"306";"38688";"0";"0";"0"
"1";"0";"9.1";"1";"6";"10407";"2";"1206";"342";"1349";"511";"1287";"383";"47723";"1";"30";"2740"
"1";"0";"9.4";"1";"5";"20686";"4";"1700";"1958";"3874";"748";"1287";"383";"48872";"0";"0";"0"
"1";"0";"9.7";"1";"6";"10407";"2";"1206";"342";"1349";"511";"1287";"383";"50021";"19";"63";"6301"
"1";"1";"dynamic";"1";"6";"7737";"1";"1194";"323";"1062";"199";"1185";"0";"11850";"6";"162";"9780"
"1";"1";"0.1";"1";"6";"9608";"3";"1134";"1526";"4194";"0";"1220";"0";"12200";"16";"359";"519"
"1";"1";"0.4";"1";"5";"11850";"3";"1557";"1409";"3683";"25";"1082";"0";"10820";"0";"0";"0"
"1";"1";"0.7";"1";"5";"12721";"4";"1629";"2122";"3577";"15";"1303";"0";"13030";"0";"0";"0"
"1";"1";"1.0";"1";"5";"10523";"2";"1593";"434";"2981";"62";"1213";"0";"12130";"0";"0";"0"
"1";"1";"1.3";"1";"5";"15767";"3";"1691";"1729";"3516";"194";"1300";"0";"13000";"0";"0";"0"
"1";"1";"1.6";"1";"5";"11736";"3";"1668";"754";"2094";"172";"1342";"0";"13420";"0";"0";"0"
"1";"1";"1.9";"1";"5";"14572";"3";"1637";"1699";"2975";"175";"1200";"0";"12000";"0";"0";"0"
"1";"1";"2.2";"1";"5";"10918";"2";"1696";"365";"1382";"292";"1196";"0";"11960";"0";"0";"0"
"1";"1";"2.5";"1";"5";"13010";"3";"1697";"684";"2004";"307";"1156";"0";"11560";"0";"0";"0"
"1";"1";"2.8";"1";"5";"18252";"4";"1636";"1900";"3614";"263";"1214";"0";"12140";"0";"0";"0"
"1";"1";"3.1";"1";"5";"12977";"2";"1684";"316";"1639";"400";"1245";"0";"12450";"0";"0";"0"
"1";"1";"3.4";"1";"6";"8667";"2";"1219";"180";"1045";"290";"1245";"0";"12450";"9";"130";"4510"
"1";"1";"3.7";"1";"5";"14012";"2";"1686";"523";"1938";"393";"1182";"0";"11820";"0";"0";"0"
"1";"1";"4.0";"1";"5";"17662";"3";"1585";"685";"3012";"314";"1085";"0";"10850";"0";"0";"0"
"1";"1";"4.3";"1";"5";"15850";"3";"1567";"1480";"2914";"315";"1201";"0";"12010";"0";"0";"0"
"1";"1";"4.6";"1";"5";"8928";"1";"1507";"187";"1063";"312";"1079";"0";"10790";"0";"0";"0"
"1";"1";"4.9";"1";"5";"8928";"1";"1507";"187";"1063";"312";"1079";"0";"10790";"0";"0";"0"
"1";"1";"5.2";"1";"5";"15025";"4";"1604";"1738";"2935";"369";"1150";"0";"11500";"0";"0";"0"
"1";"1";"5.5";"1";"5";"12790";"3";"1598";"970";"2103";"363";"1105";"0";"11050";"0";"0";"0"
"1";"1";"5.8";"1";"5";"14780";"4";"1601";"1602";"2794";"364";"1103";"0";"11030";"0";"0";"0"
"1";"1";"6.1";"1";"5";"10772";"2";"1595";"677";"1523";"339";"1132";"0";"11320";"0";"0";"0"
"1";"1";"6.4";"1";"5";"10772";"2";"1595";"677";"1523";"339";"1132";"0";"11320";"0";"0";"0"
"1";"1";"6.7";"1";"5";"11574";"3";"1595";"858";"1788";"340";"1132";"0";"11320";"0";"0";"0"
"1";"1";"7.0";"1";"6";"6385";"1";"1172";"180";"808";"236";"1199";"0";"11990";"13";"117";"8320"
"1";"1";"7.3";"1";"5";"11157";"1";"1631";"512";"1613";"338";"1240";"0";"12400";"0";"0";"0"
"1";"1";"7.6";"1";"5";"11157";"2";"1631";"512";"1613";"338";"1240";"0";"12400";"0";"0";"0"
"1";"1";"7.9";"1";"5";"11157";"2";"1631";"512";"1613";"338";"1240";"0";"12400";"0";"0";"0"
"1";"1";"8.2";"1";"5";"13811";"4";"1623";"1345";"2432";"334";"1285";"0";"12850";"0";"0";"0"
"1";"1";"8.5";"1";"5";"13811";"3";"1623";"1345";"2432";"334";"1285";"0";"12850";"0";"0";"0"
"1";"1";"8.8";"1";"5";"13811";"3";"1623";"1345";"2432";"334";"1285";"0";"12850";"0";"0";"0"
"1";"1";"9.1";"1";"5";"15214";"4";"1620";"1170";"2485";"328";"1239";"0";"12390";"0";"0";"0"
"1";"1";"9.4";"1";"5";"15214";"3";"1620";"1170";"2485";"328";"1239";"0";"12390";"0";"0";"0"
"1";"1";"9.7";"1";"5";"15214";"3";"1620";"1170";"2485";"328";"1239";"0";"12390";"0";"0";"0"
"0";"0";"0.1";"2";"6";"13570";"4";"1196";"1637";"4478";"0";"1211";"420";"12530";"3";"165";"195"
"0";"0";"0.4";"2";"6";"12314";"3";"1181";"1107";"3245";"0";"1315";"387";"14698";"6";"163";"712"
"0";"0";"0.7";"2";"5";"13764";"2";"1550";"1378";"3067";"0";"1025";"190";"11580";"0";"0";"0"
"0";"0";"1.0";"2";"5";"13051";"3";"1619";"445";"2661";"0";"1076";"194";"12700";"0";"0";"0"
"0";"0";"1.3";"2";"6";"9735";"2";"1162";"483";"1540";"0";"1123";"342";"15676";"22";"137";"2001"
"0";"0";"1.6";"2";"5";"7680";"1";"1618";"260";"855";"0";"1181";"118";"13698";"0";"0";"0"
"0";"0";"1.9";"2";"5";"9252";"2";"1620";"474";"1279";"0";"1238";"101";"14299";"0";"0";"0"
"0";"0";"2.2";"2";"5";"12461";"2";"1725";"825";"1735";"0";"1215";"165";"15780";"0";"0";"0"
"0";"0";"2.5";"2";"5";"10524";"2";"1577";"484";"1216";"0";"957";"134";"12920";"0";"0";"0"
"0";"0";"2.8";"2";"6";"6815";"2";"1164";"160";"604";"0";"1119";"207";"16986";"22";"188";"5484"
"0";"0";"3.1";"2";"5";"17738";"4";"1606";"1791";"3035";"0";"1078";"250";"18530";"0";"0";"0"
"0";"0";"3.4";"2";"6";"7183";"2";"1153";"161";"669";"0";"1078";"250";"19280";"25";"106";"3854"
"0";"0";"3.7";"2";"5";"14369";"3";"1617";"1057";"2134";"0";"1101";"205";"18595";"0";"0";"0"
"0";"0";"4.0";"2";"5";"19526";"4";"1590";"1390";"3272";"0";"1106";"250";"21060";"0";"0";"0"
"0";"0";"4.3";"2";"6";"5685";"1";"1123";"37";"358";"0";"1138";"169";"18647";"19";"115";"5135"
"0";"0";"4.6";"2";"6";"5753";"1";"1127";"94";"444";"0";"1052";"184";"18984";"19";"117";"5572"
"0";"0";"4.9";"2";"6";"5753";"1";"1127";"94";"444";"0";"1052";"184";"19536";"7";"117";"5803"
"0";"0";"5.2";"2";"5";"13761";"3";"1550";"1643";"2470";"0";"1129";"129";"17998";"0";"0";"0"
"0";"0";"5.5";"2";"5";"10674";"2";"1550";"880";"1497";"0";"1129";"129";"18385";"0";"0";"0"
"0";"0";"5.8";"2";"5";"10199";"2";"1550";"791";"1371";"0";"1129";"129";"18772";"0";"0";"0"
"0";"0";"6.1";"2";"5";"10808";"2";"1605";"410";"1070";"0";"1225";"234";"26524";"0";"0";"0"
"0";"0";"6.4";"2";"5";"10808";"2";"1605";"410";"1070";"0";"1225";"234";"27226";"0";"0";"0"
"0";"0";"6.7";"2";"5";"10808";"2";"1606";"410";"1070";"0";"1225";"234";"27928";"0";"0";"0"
"0";"0";"7.0";"2";"5";"10869";"2";"1565";"215";"909";"0";"1184";"265";"30390";"0";"0";"0"
"0";"0";"7.3";"2";"5";"6970";"1";"1539";"86";"420";"0";"1131";"170";"23720";"0";"0";"0"
"0";"0";"7.6";"2";"5";"6970";"1";"1539";"86";"420";"0";"1131";"170";"24230";"0";"0";"0"
"0";"0";"7.9";"2";"5";"6970";"1";"1539";"86";"420";"0";"1131";"170";"24740";"0";"0";"0"
"0";"0";"8.2";"2";"5";"14474";"4";"1590";"1244";"2162";"0";"1201";"263";"33576";"0";"0";"0"
"0";"0";"8.5";"2";"5";"14474";"3";"1590";"1244";"2162";"0";"1201";"263";"34365";"0";"0";"0"
"0";"0";"8.8";"2";"5";"14474";"3";"1590";"1244";"2162";"0";"1201";"263";"35154";"0";"0";"0"
"0";"0";"9.1";"2";"6";"7193";"1";"1129";"247";"823";"0";"1173";"296";"38666";"1";"35";"3195"
"0";"0";"9.4";"2";"5";"19928";"4";"1614";"2459";"3971";"0";"1173";"296";"39554";"0";"0";"0"
"0";"0";"9.7";"2";"6";"7193";"1";"1129";"247";"823";"0";"1173";"296";"40442";"23";"72";"7214"
"0";"1";"dynamic";"2";"5";"21636";"3";"1623";"1531";"3461";"0";"1275";"0";"12750";"0";"0";"0"
"0";"1";"0.1";"2";"6";"8270";"1";"1180";"575";"2149";"0";"1189";"0";"11890";"11";"508";"618"
"0";"1";"0.4";"2";"5";"9825";"1";"1558";"743";"2266";"0";"1163";"0";"11630";"0";"0";"0"
"0";"1";"0.7";"2";"6";"8827";"1";"1171";"346";"1679";"0";"1071";"0";"10710";"3";"57";"429"
"0";"1";"1.0";"2";"5";"7249";"1";"1567";"114";"1121";"0";"1251";"0";"12510";"0";"0";"0"
"0";"1";"1.3";"2";"6";"6769";"1";"1136";"184";"816";"0";"1191";"0";"11910";"21";"162";"2316"
"0";"1";"1.6";"2";"5";"10616";"2";"1576";"791";"1608";"0";"1140";"0";"11400";"0";"0";"0"
"0";"1";"1.9";"2";"5";"13849";"2";"1582";"1026";"2310";"0";"1131";"0";"11310";"0";"0";"0"
"0";"1";"2.2";"2";"5";"8452";"2";"1644";"293";"834";"0";"1258";"0";"12580";"0";"0";"0"
"0";"1";"2.5";"2";"5";"17260";"4";"1704";"1334";"3138";"0";"1339";"0";"13390";"0";"0";"0"
"0";"1";"2.8";"2";"5";"8095";"1";"1612";"281";"843";"0";"1217";"0";"12170";"0";"0";"0"
"0";"1";"3.1";"2";"5";"12350";"2";"1497";"746";"1570";"0";"1056";"0";"10560";"0";"0";"0"
"0";"1";"3.4";"2";"5";"9913";"2";"1493";"244";"908";"0";"1056";"0";"10560";"0";"0";"0"
"0";"1";"3.7";"2";"5";"11717";"1";"1518";"520";"1277";"0";"1114";"0";"11140";"0";"0";"0"
"0";"1";"4.0";"2";"5";"11292";"2";"1520";"456";"1469";"0";"1208";"0";"12080";"0";"0";"0"
"0";"1";"4.3";"2";"5";"15908";"4";"1595";"1321";"2519";"0";"1141";"0";"11410";"0";"0";"0"
"0";"1";"4.6";"2";"6";"7592";"2";"1141";"250";"834";"0";"1240";"0";"12400";"25";"220";"10370"
"0";"1";"4.9";"2";"6";"7592";"1";"1141";"250";"834";"0";"1240";"0";"12400";"13";"129";"6451"
"0";"1";"5.2";"2";"5";"13595";"3";"1529";"1064";"1991";"0";"1128";"0";"11280";"0";"0";"0"
"0";"1";"5.5";"2";"5";"13783";"3";"1529";"1101";"2056";"0";"1128";"0";"11280";"0";"0";"0"
"0";"1";"5.8";"2";"5";"13788";"3";"1529";"1110";"2055";"0";"1128";"0";"11280";"0";"0";"0"
"0";"1";"6.1";"2";"5";"11217";"2";"1512";"245";"916";"0";"1166";"0";"11660";"0";"0";"0"
"0";"1";"6.4";"2";"5";"11217";"1";"1512";"245";"916";"0";"1166";"0";"11660";"0";"0";"0"
"0";"1";"6.7";"2";"5";"11217";"2";"1512";"245";"916";"0";"1166";"0";"11660";"0";"0";"0"
"0";"1";"7.0";"2";"5";"15316";"2";"1542";"417";"1529";"0";"1304";"0";"13040";"0";"0";"0"
"0";"1";"7.3";"2";"5";"18814";"4";"1528";"992";"2365";"0";"1255";"0";"12550";"0";"0";"0"
"0";"1";"7.6";"2";"5";"18814";"4";"1528";"992";"2365";"0";"1255";"0";"12550";"0";"0";"0"
"0";"1";"7.9";"2";"5";"18814";"4";"1528";"992";"2365";"0";"1255";"0";"12550";"0";"0";"0"
"0";"1";"8.2";"2";"5";"14412";"2";"1529";"426";"1287";"0";"1181";"0";"11810";"0";"0";"0"
"0";"1";"8.5";"2";"5";"14412";"3";"1529";"426";"1287";"0";"1181";"0";"11810";"0";"0";"0"
"0";"1";"8.8";"2";"5";"14412";"2";"1529";"426";"1287";"0";"1181";"0";"11810";"0";"0";"0"
"0";"1";"9.1";"2";"5";"17843";"3";"1523";"656";"2029";"0";"1208";"0";"12080";"0";"0";"0"
"0";"1";"9.4";"2";"5";"17843";"3";"1523";"656";"2029";"0";"1208";"0";"12080";"0";"0";"0"
"0";"1";"9.7";"2";"5";"17843";"2";"1523";"656";"2029";"0";"1208";"0";"12080";"0";"0";"0"
"1";"0";"0.1";"2";"6";"13236";"4";"1196";"1549";"4300";"12";"1171";"448";"12158";"17";"687";"857"
"1";"0";"0.4";"2";"5";"17958";"3";"1655";"1552";"4611";"82";"1191";"187";"12658";"0";"0";"0"
"1";"0";"0.7";"2";"5";"13565";"3";"1659";"1300";"2874";"112";"1115";"144";"12158";"0";"0";"0"
"1";"0";"1.0";"2";"6";"6952";"2";"1134";"210";"1218";"43";"1044";"151";"11950";"7";"51";"580"
"1";"0";"1.3";"2";"5";"11490";"3";"1742";"1570";"2283";"180";"1270";"77";"13701";"0";"0";"0"
"1";"0";"1.6";"2";"5";"12718";"3";"1634";"1227";"2196";"186";"1210";"141";"14356";"0";"0";"0"
"1";"0";"1.9";"2";"5";"8217";"1";"1626";"434";"1017";"183";"1154";"98";"13402";"0";"0";"0"
"1";"0";"2.2";"2";"6";"5466";"1";"1140";"90";"453";"382";"1077";"125";"13520";"25";"129";"3088"
"1";"0";"2.5";"2";"5";"14466";"3";"1619";"1128";"2387";"587";"1229";"137";"15715";"0";"0";"0"
"1";"0";"2.8";"2";"5";"17786";"4";"1712";"1659";"2918";"667";"1309";"230";"19530";"0";"0";"0"
"1";"0";"3.1";"2";"5";"12794";"2";"1533";"463";"1191";"517";"1011";"177";"15597";"0";"0";"0"
"1";"0";"3.4";"2";"5";"14745";"3";"1531";"761";"1714";"515";"1011";"177";"16128";"0";"0";"0"
"1";"0";"3.7";"2";"5";"12847";"2";"1660";"430";"1368";"616";"1286";"222";"21074";"0";"0";"0"
"1";"0";"4.0";"2";"6";"8510";"2";"1128";"128";"673";"391";"1144";"231";"20680";"14";"149";"6100"
"1";"0";"4.3";"2";"5";"15221";"3";"1643";"1150";"2055";"493";"1250";"240";"22820";"0";"0";"0"
"1";"0";"4.6";"2";"6";"7986";"1";"1176";"152";"659";"341";"1116";"212";"20912";"13";"85";"4040"
"1";"0";"4.9";"2";"6";"7986";"1";"1176";"152";"659";"341";"1116";"212";"21548";"11";"107";"5353"
"1";"0";"5.2";"2";"5";"12938";"2";"1623";"599";"1440";"555";"1276";"300";"28360";"0";"0";"0"
"1";"0";"5.5";"2";"5";"13661";"2";"1620";"720";"1611";"550";"1276";"300";"29260";"0";"0";"0"
"1";"0";"5.8";"2";"5";"11064";"3";"1614";"575";"1158";"564";"1200";"160";"21280";"0";"0";"0"
"1";"0";"6.1";"2";"6";"9386";"2";"1116";"198";"850";"339";"1135";"283";"28613";"11";"75";"4685"
"1";"0";"6.4";"2";"5";"20201";"4";"1568";"1739";"3126";"508";"1135";"283";"29462";"0";"0";"0"
"1";"0";"6.7";"2";"6";"9386";"2";"1116";"198";"850";"339";"1135";"283";"30311";"14";"81";"5567"
"1";"0";"7.0";"2";"6";"8017";"1";"1133";"184";"672";"372";"1166";"250";"29160";"21";"114";"8190"
"1";"0";"7.3";"2";"5";"19096";"3";"1667";"1221";"2730";"584";"1299";"302";"35036";"0";"0";"0"
"1";"0";"7.6";"2";"5";"19096";"4";"1667";"1221";"2730";"584";"1299";"302";"35942";"0";"0";"0"
"1";"0";"7.9";"2";"5";"19096";"3";"1667";"1221";"2730";"584";"1299";"302";"36848";"0";"0";"0"
"1";"0";"8.2";"2";"5";"20144";"4";"1610";"1404";"2910";"595";"1041";"281";"33452";"0";"0";"0"
"1";"0";"8.5";"2";"5";"20144";"4";"1610";"1404";"2910";"595";"1041";"281";"34295";"0";"0";"0"
"1";"0";"8.8";"2";"5";"20144";"4";"1610";"1404";"2910";"595";"1041";"281";"35138";"0";"0";"0"
"1";"0";"9.1";"2";"6";"9414";"3";"1181";"120";"722";"420";"1206";"317";"40907";"26";"162";"15002"
"1";"0";"9.4";"2";"6";"9414";"2";"1181";"120";"722";"420";"1206";"317";"41858";"10";"90";"8560"
"1";"0";"9.7";"2";"6";"9414";"2";"1181";"120";"722";"420";"1206";"317";"42809";"17";"89";"8803"
"1";"1";"dynamic";"2";"5";"15652";"3";"1552";"1332";"2480";"288";"1067";"0";"10670";"0";"0";"0"
"1";"1";"0.1";"2";"6";"13606";"3";"1174";"1180";"4126";"7";"1312";"0";"13120";"27";"514";"784"
"1";"1";"0.4";"2";"5";"12091";"1";"1567";"1124";"3061";"10";"1216";"0";"12160";"0";"0";"0"
"1";"1";"0.7";"2";"5";"13578";"3";"1649";"1681";"3062";"43";"1219";"0";"12190";"0";"0";"0"
"1";"1";"1.0";"2";"6";"3920";"1";"1115";"69";"497";"19";"1261";"0";"12610";"21";"150";"1710"
"1";"1";"1.3";"2";"5";"15656";"4";"1635";"1954";"3163";"197";"1072";"0";"10720";"0";"0";"0"
"1";"1";"1.6";"2";"5";"11486";"2";"1605";"1091";"1880";"179";"1190";"0";"11900";"0";"0";"0"
"1";"1";"1.9";"2";"5";"13221";"3";"1610";"1723";"2518";"183";"1226";"0";"12260";"0";"0";"0"
"1";"1";"2.2";"2";"5";"9454";"1";"1598";"207";"760";"403";"1314";"0";"13140";"0";"0";"0"
"1";"1";"2.5";"2";"5";"9788";"1";"1500";"300";"1019";"361";"1168";"0";"11680";"0";"0";"0"
"1";"1";"2.8";"2";"5";"8075";"1";"1599";"190";"649";"399";"1315";"0";"13150";"0";"0";"0"
"1";"1";"3.1";"2";"5";"14837";"2";"1497";"761";"1944";"340";"1212";"0";"12120";"0";"0";"0"
"1";"1";"3.4";"2";"5";"18767";"4";"1498";"1526";"3006";"343";"1212";"0";"12120";"0";"0";"0"
"1";"1";"3.7";"2";"5";"20921";"4";"1523";"1566";"3505";"337";"1365";"0";"13650";"0";"0";"0"
"1";"1";"4.0";"2";"6";"5146";"0";"1005";"49";"360";"218";"1198";"0";"11980";"12";"103";"4240"
"1";"1";"4.3";"2";"5";"11971";"1";"1500";"472";"1093";"354";"1243";"0";"12430";"0";"0";"0"
"1";"1";"4.6";"2";"5";"12416";"3";"1497";"510";"1168";"349";"1243";"0";"12430";"0";"0";"0"
"1";"1";"4.9";"2";"5";"12416";"2";"1497";"510";"1168";"349";"1243";"0";"12430";"0";"0";"0"
"1";"1";"5.2";"2";"5";"12679";"2";"1497";"402";"1227";"359";"1237";"0";"12370";"0";"0";"0"
"1";"1";"5.5";"2";"5";"20791";"3";"1463";"1427";"3067";"355";"1079";"0";"10790";"0";"0";"0"
"1";"1";"5.8";"2";"6";"9861";"2";"1068";"240";"1030";"255";"1169";"0";"11690";"30";"111";"6738"
"1";"1";"6.1";"2";"5";"16748";"2";"1502";"906";"2112";"343";"1201";"0";"12010";"0";"0";"0"
"1";"1";"6.4";"2";"5";"16748";"4";"1502";"906";"2112";"343";"1201";"0";"12010";"0";"0";"0"
"1";"1";"6.7";"2";"5";"16645";"2";"1502";"911";"2085";"344";"1201";"0";"12010";"0";"0";"0"
"1";"1";"7.0";"2";"6";"12016";"3";"1058";"354";"1406";"213";"1199";"0";"11990";"13";"54";"3910"
"1";"1";"7.3";"2";"5";"16962";"3";"1477";"1277";"2389";"355";"1065";"0";"10650";"0";"0";"0"
"1";"1";"7.6";"2";"6";"7714";"1";"1071";"74";"620";"253";"1065";"0";"10650";"2";"48";"3668"
"1";"1";"7.9";"2";"6";"7714";"1";"1071";"74";"620";"253";"1065";"0";"10650";"10";"66";"5314"
"1";"1";"8.2";"2";"5";"13779";"3";"1485";"1125";"1924";"377";"1098";"0";"10980";"0";"0";"0"
"1";"1";"8.5";"2";"5";"13779";"3";"1485";"1125";"1924";"377";"1098";"0";"10980";"0";"0";"0"
"1";"1";"8.8";"2";"5";"13779";"4";"1485";"1125";"1924";"377";"1098";"0";"10980";"0";"0";"0"
"1";"1";"9.1";"2";"5";"12816";"2";"1486";"741";"1484";"343";"1110";"0";"11100";"0";"0";"0"
"1";"1";"9.4";"2";"5";"12816";"3";"1486";"741";"1484";"343";"1110";"0";"11100";"0";"0";"0"
"1";"1";"9.7";"2";"5";"12816";"3";"1486";"741";"1484";"343";"1110";"0";"11100";"0";"0";"0"
"0";"0";"0.1";"4";"7";"19247";"4";"813";"912";"3797";"0";"865";"207";"8857";"6";"87";"147"
"0";"0";"0.4";"4";"6";"12808";"2";"1205";"686";"2167";"0";"1164";"202";"12448";"14";"97";"528"
"0";"0";"0.7";"4";"5";"13918";"3";"1660";"1428";"2410";"0";"1077";"65";"11225";"0";"0";"0"
"0";"0";"1.0";"4";"6";"12617";"2";"1218";"577";"1855";"0";"1103";"193";"12960";"28";"181";"2090"
"0";"0";"1.3";"4";"5";"12391";"2";"1622";"862";"1605";"0";"1233";"111";"13773";"0";"0";"0"
"0";"0";"1.6";"4";"6";"5233";"1";"1153";"88";"375";"0";"1155";"93";"13038";"37";"172";"3122"
"0";"0";"1.9";"4";"5";"18040";"4";"1606";"1916";"3057";"0";"1136";"133";"13887";"0";"0";"0"
"0";"0";"2.2";"4";"5";"19374";"4";"1582";"2044";"3079";"0";"1107";"136";"14062";"0";"0";"0"
"0";"0";"2.5";"4";"5";"14450";"3";"1616";"719";"1589";"0";"1055";"154";"14400";"0";"0";"0"
"0";"0";"2.8";"4";"5";"12911";"2";"1645";"572";"1253";"0";"1088";"167";"15556";"0";"0";"0"
"0";"0";"3.1";"4";"5";"22753";"4";"1729";"1856";"3039";"0";"1166";"231";"18821";"0";"0";"0"
"0";"0";"3.4";"4";"5";"20286";"3";"1729";"1207";"2302";"0";"1166";"231";"19514";"0";"0";"0"
"0";"0";"3.7";"4";"5";"23538";"4";"1745";"1786";"3124";"0";"1207";"281";"22467";"0";"0";"0"
"0";"0";"4.0";"4";"6";"8574";"1";"1267";"152";"606";"0";"1203";"171";"18870";"3";"48";"1950"
"0";"0";"4.3";"4";"5";"15958";"3";"1648";"1253";"2121";"0";"1173";"166";"18868";"0";"0";"0"
"0";"0";"4.6";"4";"6";"7372";"1";"1189";"95";"516";"0";"1173";"166";"19366";"21";"132";"6282"
"0";"0";"4.9";"4";"6";"7372";"1";"1189";"95";"516";"0";"1173";"166";"19864";"13";"126";"6304"
"0";"0";"5.2";"4";"5";"14618";"2";"1628";"883";"1650";"0";"1152";"162";"19944";"0";"0";"0"
"0";"0";"5.5";"4";"5";"14805";"3";"1628";"896";"1685";"0";"1152";"162";"20430";"0";"0";"0"
"0";"0";"5.8";"4";"5";"18335";"4";"1630";"1698";"2677";"0";"1152";"162";"20916";"0";"0";"0"
"0";"0";"6.1";"4";"5";"17413";"3";"1639";"1118";"2126";"0";"1272";"195";"24615";"0";"0";"0"
"0";"0";"6.4";"4";"5";"17413";"4";"1639";"1118";"2126";"0";"1272";"195";"25200";"0";"0";"0"
"0";"0";"6.7";"4";"5";"17392";"3";"1639";"1111";"2120";"0";"1272";"195";"25785";"0";"0";"0"
"0";"0";"7.0";"4";"6";"10483";"2";"1189";"359";"995";"0";"1167";"332";"34910";"15";"111";"7920"
"0";"0";"7.3";"4";"6";"20078";"4";"1175";"1105";"2827";"0";"1160";"436";"43428";"18";"121";"9013"
"0";"0";"7.6";"4";"6";"20078";"4";"1175";"1105";"2827";"0";"1160";"436";"44736";"25";"133";"10358"
"0";"0";"7.9";"4";"6";"20078";"4";"1175";"1105";"2827";"0";"1160";"436";"46044";"19";"150";"12040"
"0";"0";"8.2";"4";"5";"23480";"4";"1781";"1480";"3009";"0";"1264";"370";"42980";"0";"0";"0"
"0";"0";"8.5";"4";"5";"23480";"4";"1781";"1480";"3009";"0";"1264";"370";"44090";"0";"0";"0"
"0";"0";"8.8";"4";"6";"11899";"3";"1257";"333";"1086";"0";"1264";"370";"45200";"11";"52";"4686"
"0";"0";"9.1";"4";"5";"13783";"2";"1730";"389";"1120";"0";"1114";"198";"29158";"0";"0";"0"
"0";"0";"9.4";"4";"5";"13783";"2";"1730";"389";"1120";"0";"1114";"198";"29752";"0";"0";"0"
"0";"0";"9.7";"4";"5";"13783";"2";"1730";"389";"1120";"0";"1114";"198";"30346";"0";"0";"0"
"0";"1";"dynamic";"4";"5";"17171";"4";"1649";"1247";"2222";"0";"1186";"0";"11860";"0";"0";"0"
"0";"1";"0.1";"4";"7";"12096";"2";"768";"457";"2240";"0";"863";"0";"8630";"4";"148";"188"
"0";"1";"0.4";"4";"7";"9688";"1";"768";"386";"1506";"0";"865";"0";"8650";"4";"32";"168"
"0";"1";"0.7";"4";"5";"18379";"3";"1687";"1382";"2856";"0";"1144";"0";"11440";"0";"0";"0"
"0";"1";"1.0";"4";"5";"15785";"2";"1683";"317";"1929";"0";"1420";"0";"14200";"0";"0";"0"
"0";"1";"1.3";"4";"5";"13190";"2";"1585";"818";"1589";"0";"1062";"0";"10620";"0";"0";"0"
"0";"1";"1.6";"4";"5";"11879";"1";"1619";"314";"999";"0";"1061";"0";"10610";"0";"0";"0"
"0";"1";"1.9";"4";"5";"17601";"4";"1662";"1032";"2181";"0";"1245";"0";"12450";"0";"0";"0"
"0";"1";"2.2";"4";"5";"11968";"1";"1604";"475";"1098";"0";"1205";"0";"12050";"0";"0";"0"
"0";"1";"2.5";"4";"5";"14872";"3";"1604";"702";"1621";"0";"1200";"0";"12000";"0";"0";"0"
"0";"1";"2.8";"4";"5";"15019";"3";"1559";"930";"1723";"0";"1015";"0";"10150";"0";"0";"0"
"0";"1";"3.1";"4";"5";"17437";"3";"1711";"990";"2023";"0";"1234";"0";"12340";"0";"0";"0"
"0";"1";"3.4";"4";"5";"14141";"2";"1710";"620";"1338";"0";"1234";"0";"12340";"0";"0";"0"
"0";"1";"3.7";"4";"5";"19472";"4";"1710";"1603";"2687";"0";"1231";"0";"12310";"0";"0";"0"
"0";"1";"4.0";"4";"5";"13589";"2";"1602";"295";"1207";"0";"1177";"0";"11770";"0";"0";"0"
"0";"1";"4.3";"4";"5";"17363";"3";"1573";"1217";"2148";"0";"1091";"0";"10910";"0";"0";"0"
"0";"1";"4.6";"4";"5";"12262";"1";"1572";"160";"834";"0";"1122";"0";"11220";"0";"0";"0"
"0";"1";"4.9";"4";"5";"12262";"1";"1572";"160";"834";"0";"1122";"0";"11220";"0";"0";"0"
"0";"1";"5.2";"4";"5";"21644";"3";"1609";"874";"2225";"0";"1201";"0";"12010";"0";"0";"0"
"0";"1";"5.5";"4";"5";"20512";"3";"1608";"726";"1996";"0";"1201";"0";"12010";"0";"0";"0"
"0";"1";"5.8";"4";"5";"20512";"3";"1608";"726";"1996";"0";"1201";"0";"12010";"0";"0";"0"
"0";"1";"6.1";"4";"5";"19478";"4";"1538";"1624";"2645";"0";"1044";"0";"10440";"0";"0";"0"
"0";"1";"6.4";"4";"5";"19478";"4";"1538";"1624";"2645";"0";"1044";"0";"10440";"0";"0";"0"
"0";"1";"6.7";"4";"6";"7714";"1";"1131";"75";"453";"0";"1044";"0";"10440";"11";"36";"2522"
"0";"1";"7.0";"4";"6";"10040";"1";"1149";"140";"706";"0";"1119";"0";"11190";"14";"219";"15470"
"0";"1";"7.3";"4";"5";"20675";"4";"1597";"1466";"2575";"0";"1151";"0";"11510";"0";"0";"0"
"0";"1";"7.6";"4";"5";"20675";"4";"1597";"1466";"2575";"0";"1151";"0";"11510";"0";"0";"0"
"0";"1";"7.9";"4";"5";"20675";"4";"1597";"1466";"2575";"0";"1151";"0";"11510";"0";"0";"0"
"0";"1";"8.2";"4";"5";"19070";"3";"1541";"701";"1664";"0";"1114";"0";"11140";"0";"0";"0"
"0";"1";"8.5";"4";"5";"19070";"3";"1541";"701";"1664";"0";"1114";"0";"11140";"0";"0";"0"
"0";"1";"8.8";"4";"5";"19070";"3";"1541";"701";"1664";"0";"1114";"0";"11140";"0";"0";"0"
"0";"1";"9.1";"4";"6";"10623";"1";"1128";"98";"648";"0";"1103";"0";"11030";"15";"180";"16530"
"0";"1";"9.4";"4";"6";"10623";"1";"1128";"98";"648";"0";"1103";"0";"11030";"22";"149";"14226"
"0";"1";"9.7";"4";"6";"10623";"1";"1128";"98";"648";"0";"1103";"0";"11030";"23";"164";"16138"
"1";"0";"0.1";"4";"7";"19108";"4";"813";"813";"3705";"2";"863";"226";"8856";"7";"108";"178"
"1";"0";"0.4";"4";"6";"18847";"4";"1217";"1310";"3507";"73";"1271";"358";"14142";"24";"153";"852"
"1";"0";"0.7";"4";"5";"17769";"4";"1636";"2374";"3565";"79";"1156";"74";"12078";"0";"0";"0"
"1";"0";"1.0";"4";"5";"12442";"2";"1586";"418";"1606";"71";"1040";"117";"11570";"0";"0";"0"
"1";"0";"1.3";"4";"5";"15453";"3";"1681";"1362";"2276";"251";"1108";"111";"12523";"0";"0";"0"
"1";"0";"1.6";"4";"5";"13811";"3";"1710";"1145";"1986";"226";"1104";"118";"12928";"0";"0";"0"
"1";"0";"1.9";"4";"6";"5355";"1";"1224";"103";"383";"147";"1086";"93";"12627";"1";"90";"1720"
"1";"0";"2.2";"4";"5";"18826";"2";"1638";"696";"1911";"498";"1172";"286";"18012";"0";"0";"0"
"1";"0";"2.5";"4";"5";"16248";"3";"1644";"848";"1784";"483";"1191";"178";"16360";"0";"0";"0"
"1";"0";"2.8";"4";"5";"15577";"2";"1638";"432";"1364";"500";"1097";"208";"16794";"0";"0";"0"
"1";"0";"3.1";"4";"5";"23487";"4";"1739";"1782";"3182";"670";"1253";"288";"21458";"0";"0";"0"
"1";"0";"3.4";"4";"6";"14813";"3";"1213";"686";"1688";"462";"1241";"326";"23494";"33";"165";"5940"
"1";"0";"3.7";"4";"5";"14681";"2";"1648";"550";"1319";"628";"1061";"158";"16456";"0";"0";"0"
"1";"0";"4.0";"4";"5";"23117";"3";"1556";"934";"2498";"560";"1120";"292";"22880";"0";"0";"0"
"1";"0";"4.3";"4";"5";"16489";"2";"1581";"443";"1319";"620";"1117";"198";"19684";"0";"0";"0"
"1";"0";"4.6";"4";"5";"22906";"3";"1573";"1303";"2692";"621";"1086";"250";"22360";"0";"0";"0"
"1";"0";"4.9";"4";"5";"22906";"4";"1573";"1303";"2692";"621";"1086";"250";"23110";"0";"0";"0"
"1";"0";"5.2";"4";"5";"24789";"4";"1600";"1447";"2956";"521";"1164";"327";"28644";"0";"0";"0"
"1";"0";"5.5";"4";"6";"12448";"2";"1153";"155";"833";"376";"1164";"327";"29625";"17";"135";"7595"
"1";"0";"5.8";"4";"6";"12448";"2";"1153";"155";"833";"376";"1164";"327";"30606";"11";"61";"3648"
"1";"0";"6.1";"4";"5";"17902";"2";"1677";"574";"1539";"621";"1139";"309";"30239";"0";"0";"0"
"1";"0";"6.4";"4";"5";"17902";"3";"1677";"574";"1539";"621";"1139";"309";"31166";"0";"0";"0"
"1";"0";"6.7";"4";"5";"17902";"2";"1677";"574";"1539";"621";"1139";"309";"32093";"0";"0";"0"
"1";"0";"7.0";"4";"5";"23778";"4";"1705";"1387";"2855";"583";"1152";"330";"34620";"0";"0";"0"
"1";"0";"7.3";"4";"6";"12799";"3";"1195";"252";"923";"435";"1061";"282";"31196";"12";"97";"7201"
"1";"0";"7.6";"4";"5";"25722";"4";"1660";"1716";"3146";"635";"1061";"282";"32042";"0";"0";"0"
"1";"0";"7.9";"4";"6";"12799";"3";"1195";"252";"923";"435";"1061";"282";"32888";"17";"105";"8465"
"1";"0";"8.2";"4";"5";"22211";"4";"1609";"1734";"2878";"592";"1084";"228";"29536";"0";"0";"0"
"1";"0";"8.5";"4";"6";"9732";"2";"1166";"165";"607";"415";"1084";"228";"30220";"14";"74";"6430"
"1";"0";"8.8";"4";"5";"22211";"4";"1609";"1734";"2878";"592";"1084";"228";"30904";"0";"0";"0"
"1";"0";"9.1";"4";"5";"19472";"4";"1583";"1008";"2014";"571";"1033";"221";"30441";"0";"0";"0"
"1";"0";"9.4";"4";"5";"19472";"3";"1583";"1008";"2014";"571";"1033";"221";"31104";"0";"0";"0"
"1";"0";"9.7";"4";"5";"19472";"4";"1583";"1008";"2014";"571";"1033";"221";"31767";"0";"0";"0"
"1";"1";"dynamic";"4";"5";"15802";"3";"1540";"836";"1655";"208";"1121";"0";"11210";"0";"0";"0"
"1";"1";"0.1";"4";"7";"12096";"2";"768";"457";"2240";"0";"863";"0";"8630";"2";"72";"92"
"1";"1";"0.4";"4";"7";"9692";"1";"768";"380";"1496";"5";"912";"0";"9120";"3";"33";"162"
"1";"1";"0.7";"4";"5";"17439";"3";"1616";"1539";"2922";"42";"1053";"0";"10530";"0";"0";"0"
"1";"1";"1.0";"4";"5";"15115";"2";"1605";"318";"1835";"50";"1213";"0";"12130";"0";"0";"0"
"1";"1";"1.3";"4";"5";"18224";"3";"1619";"1237";"2527";"164";"1200";"0";"12000";"0";"0";"0"
"1";"1";"1.6";"4";"5";"11246";"1";"1673";"183";"897";"245";"1171";"0";"11710";"0";"0";"0"
"1";"1";"1.9";"4";"5";"20774";"4";"1640";"1882";"3243";"236";"1087";"0";"10870";"0";"0";"0"
"1";"1";"2.2";"4";"5";"13109";"2";"1547";"327";"1087";"346";"1155";"0";"11550";"0";"0";"0"
"1";"1";"2.5";"4";"5";"14427";"3";"1532";"741";"1641";"265";"1194";"0";"11940";"0";"0";"0"
"1";"1";"2.8";"4";"6";"5833";"0";"1104";"17";"262";"186";"1194";"0";"11940";"11";"263";"7474"
"1";"1";"3.1";"4";"5";"20680";"3";"1589";"1246";"2384";"359";"1183";"0";"11830";"0";"0";"0"
"1";"1";"3.4";"4";"5";"18090";"3";"1588";"872";"1815";"357";"1183";"0";"11830";"0";"0";"0"
"1";"1";"3.7";"4";"5";"21274";"3";"1564";"1533";"2720";"329";"1165";"0";"11650";"0";"0";"0"
"1";"1";"4.0";"4";"5";"16825";"3";"1558";"531";"1557";"308";"1142";"0";"11420";"0";"0";"0"
"1";"1";"4.3";"4";"6";"13789";"2";"1116";"689";"1628";"197";"1315";"0";"13150";"27";"102";"4656"
"1";"1";"4.6";"4";"5";"20725";"3";"1525";"1444";"2689";"274";"1092";"0";"10920";"0";"0";"0"
"1";"1";"4.9";"4";"5";"20725";"3";"1525";"1444";"2689";"274";"1092";"0";"10920";"0";"0";"0"
"1";"1";"5.2";"4";"6";"8501";"2";"1097";"134";"523";"168";"1158";"0";"11580";"13";"116";"6162"
"1";"1";"5.5";"4";"5";"17637";"3";"1515";"990";"1832";"237";"1158";"0";"11580";"0";"0";"0"
"1";"1";"5.8";"4";"5";"17581";"3";"1515";"1008";"1832";"237";"1158";"0";"11580";"0";"0";"0"
"1";"1";"6.1";"4";"5";"16895";"3";"1509";"1250";"2038";"285";"1099";"0";"10990";"0";"0";"0"
"1";"1";"6.4";"4";"5";"16895";"3";"1509";"1250";"2038";"285";"1099";"0";"10990";"0";"0";"0"
"1";"1";"6.7";"4";"5";"16752";"3";"1509";"1193";"1987";"285";"1099";"0";"10990";"0";"0";"0"
"1";"1";"7.0";"4";"5";"19564";"4";"1468";"1523";"2578";"271";"1020";"0";"10200";"0";"0";"0"
"1";"1";"7.3";"4";"5";"14690";"2";"1531";"339";"1022";"274";"1153";"0";"11530";"0";"0";"0"
"1";"1";"7.6";"4";"5";"14690";"2";"1531";"339";"1022";"274";"1153";"0";"11530";"0";"0";"0"
"1";"1";"7.9";"4";"5";"14690";"3";"1531";"339";"1022";"274";"1153";"0";"11530";"0";"0";"0"
"1";"1";"8.2";"4";"5";"10946";"1";"1560";"246";"708";"313";"1044";"0";"10440";"0";"0";"0"
"1";"1";"8.5";"4";"5";"10946";"2";"1560";"246";"708";"313";"1044";"0";"10440";"0";"0";"0"
"1";"1";"8.8";"4";"5";"10946";"2";"1560";"246";"708";"313";"1044";"0";"10440";"0";"0";"0"
"1";"1";"9.1";"4";"5";"11632";"2";"1556";"413";"904";"309";"1044";"0";"10440";"0";"0";"0"
"1";"1";"9.4";"4";"5";"11632";"2";"1556";"413";"904";"309";"1044";"0";"10440";"0";"0";"0"
"1";"1";"9.7";"4";"5";"11632";"1";"1556";"413";"904";"309";"1044";"0";"10440";"0";"0";"0"
"0";"0";"0.1";"8";"7";"7033";"2";"807";"367";"854";"0";"890";"70";"8970";"1";"12";"22"
"0";"0";"0.4";"8";"5";"28561";"4";"1663";"1876";"3883";"0";"1237";"195";"13150";"0";"0";"0"
"0";"0";"0.7";"8";"6";"13475";"2";"1186";"412";"1255";"0";"1104";"161";"12167";"25";"124";"1118"
"0";"0";"1.0";"8";"5";"25128";"3";"1698";"681";"2455";"0";"1237";"99";"13360";"0";"0";"0"
"0";"0";"1.3";"8";"6";"6755";"1";"1198";"160";"419";"0";"1295";"84";"14042";"13";"53";"819"
"0";"0";"1.6";"8";"5";"18917";"4";"1600";"1426";"2277";"0";"1110";"93";"12588";"0";"0";"0"
"0";"0";"1.9";"8";"5";"12073";"2";"1620";"677";"1121";"0";"1261";"68";"13902";"0";"0";"0"
"0";"0";"2.2";"8";"5";"12712";"3";"1787";"803";"1198";"0";"1312";"58";"14396";"0";"0";"0"
"0";"0";"2.5";"8";"5";"11616";"1";"1744";"316";"748";"0";"1177";"72";"13570";"0";"0";"0"
"0";"0";"2.8";"8";"5";"18278";"4";"1829";"1582";"2267";"0";"1416";"91";"16708";"0";"0";"0"
"0";"0";"3.1";"8";"6";"7503";"1";"1226";"143";"424";"0";"1146";"106";"14746";"29";"139";"4599"
"0";"0";"3.4";"8";"5";"16513";"2";"1703";"937";"1623";"0";"1146";"106";"15064";"0";"0";"0"
"0";"0";"3.7";"8";"5";"10692";"2";"1721";"323";"697";"0";"1241";"80";"15370";"0";"0";"0"
"0";"0";"4.0";"8";"5";"12604";"2";"1595";"333";"833";"0";"1110";"83";"14420";"0";"0";"0"
"0";"0";"4.3";"8";"6";"7238";"1";"1223";"77";"311";"0";"1311";"146";"19388";"20";"166";"7338"
"0";"0";"4.6";"8";"5";"11145";"1";"1740";"156";"542";"0";"1325";"141";"19736";"0";"0";"0"
"0";"0";"4.9";"8";"5";"11145";"1";"1740";"156";"542";"0";"1325";"141";"20159";"0";"0";"0"
"0";"0";"5.2";"8";"5";"15749";"2";"1651";"449";"1011";"0";"1179";"151";"19642";"0";"0";"0"
"0";"0";"5.5";"8";"5";"15749";"2";"1651";"449";"1011";"0";"1179";"151";"20095";"0";"0";"0"
"0";"0";"5.8";"8";"5";"15749";"2";"1653";"449";"1011";"0";"1179";"151";"20548";"0";"0";"0"
"0";"0";"6.1";"8";"5";"16104";"4";"1650";"799";"1394";"0";"1078";"101";"16941";"0";"0";"0"
"0";"0";"6.4";"8";"5";"16104";"3";"1650";"799";"1394";"0";"1078";"101";"17244";"0";"0";"0"
"0";"0";"6.7";"8";"5";"16104";"4";"1650";"799";"1394";"0";"1078";"101";"17547";"0";"0";"0"
"0";"0";"7.0";"8";"5";"15282";"2";"1635";"333";"1019";"0";"1126";"135";"20710";"0";"0";"0"
"0";"0";"7.3";"8";"5";"14652";"3";"1667";"570";"1107";"0";"1199";"92";"18706";"0";"0";"0"
"0";"0";"7.6";"8";"5";"14652";"2";"1667";"570";"1107";"0";"1199";"92";"18982";"0";"0";"0"
"0";"0";"7.9";"8";"5";"14652";"3";"1667";"570";"1107";"0";"1199";"92";"19258";"0";"0";"0"
"0";"0";"8.2";"8";"5";"20195";"4";"1642";"1671";"2399";"0";"1269";"137";"23924";"0";"0";"0"
"0";"0";"8.5";"8";"6";"7648";"1";"1165";"83";"321";"0";"1269";"137";"24335";"5";"40";"3450"
"0";"0";"8.8";"8";"5";"20195";"4";"1642";"1671";"2399";"0";"1269";"137";"24746";"0";"0";"0"
"0";"0";"9.1";"8";"5";"26786";"4";"1659";"1739";"2963";"0";"1271";"307";"40647";"0";"0";"0"
"0";"0";"9.4";"8";"5";"26786";"4";"1659";"1739";"2963";"0";"1271";"307";"41568";"0";"0";"0"
"0";"0";"9.7";"8";"5";"26786";"4";"1659";"1739";"2963";"0";"1271";"307";"42489";"0";"0";"0"
"0";"1";"dynamic";"8";"5";"15264";"2";"1595";"880";"1467";"0";"1192";"0";"11920";"0";"0";"0"
"0";"1";"0.1";"8";"6";"28446";"4";"1225";"1547";"3972";"0";"1299";"0";"12990";"21";"444";"654"
"0";"1";"0.4";"8";"6";"9302";"1";"1177";"203";"736";"0";"1335";"0";"13350";"14";"266";"1204"
"0";"1";"0.7";"8";"6";"21679";"3";"1239";"837";"2280";"0";"1196";"0";"11960";"20";"152";"1264"
"0";"1";"1.0";"8";"5";"14440";"2";"1668";"152";"929";"0";"1135";"0";"11350";"0";"0";"0"
"0";"1";"1.3";"8";"5";"20981";"4";"1602";"2244";"3096";"0";"1175";"0";"11750";"0";"0";"0"
"0";"1";"1.6";"8";"5";"12465";"2";"1606";"527";"1005";"0";"1234";"0";"12340";"0";"0";"0"
"0";"1";"1.9";"8";"5";"9687";"1";"1604";"311";"643";"0";"1226";"0";"12260";"0";"0";"0"
"0";"1";"2.2";"8";"5";"19193";"4";"1537";"1653";"2440";"0";"1101";"0";"11010";"0";"0";"0"
"0";"1";"2.5";"8";"5";"16397";"2";"1570";"504";"1280";"0";"1268";"0";"12680";"0";"0";"0"
"0";"1";"2.8";"8";"6";"8594";"1";"1120";"237";"618";"0";"1283";"0";"12830";"11";"99";"2882"
"0";"1";"3.1";"8";"5";"12240";"1";"1538";"424";"852";"0";"1125";"0";"11250";"0";"0";"0"
"0";"1";"3.4";"8";"5";"11357";"1";"1536";"278";"680";"0";"1125";"0";"11250";"0";"0";"0"
"0";"1";"3.7";"8";"5";"15302";"3";"1560";"676";"1267";"0";"1081";"0";"10810";"0";"0";"0"
"0";"1";"4.0";"8";"5";"16619";"2";"1591";"488";"1311";"0";"1219";"0";"12190";"0";"0";"0"
"0";"1";"4.3";"8";"5";"18635";"4";"1478";"1294";"2059";"0";"1088";"0";"10880";"0";"0";"0"
"0";"1";"4.6";"8";"6";"7001";"1";"1082";"66";"318";"0";"1088";"0";"10880";"31";"207";"9832"
"0";"1";"4.9";"8";"6";"7001";"0";"1082";"66";"318";"0";"1088";"0";"10880";"13";"88";"4442"
"0";"1";"5.2";"8";"5";"24941";"4";"1585";"2113";"3163";"0";"1115";"0";"11150";"0";"0";"0"
"0";"1";"5.5";"8";"5";"17120";"2";"1586";"606";"1329";"0";"1115";"0";"11150";"0";"0";"0"
"0";"1";"5.8";"8";"5";"17121";"2";"1586";"611";"1333";"0";"1115";"0";"11150";"0";"0";"0"
"0";"1";"6.1";"8";"6";"5958";"1";"1144";"40";"231";"0";"1005";"0";"10050";"37";"173";"10923"
"0";"1";"6.4";"8";"6";"5958";"0";"1144";"40";"231";"0";"1005";"0";"10050";"34";"198";"13012"
"0";"1";"6.7";"8";"6";"5958";"0";"1144";"40";"231";"0";"1005";"0";"10050";"10";"195";"13165"
"0";"1";"7.0";"8";"5";"15934";"2";"1561";"878";"1564";"0";"996";"0";"9960";"0";"0";"0"
"0";"1";"7.3";"8";"5";"12743";"3";"1560";"495";"965";"0";"996";"0";"9960";"0";"0";"0"
"0";"1";"7.6";"8";"5";"12743";"2";"1560";"495";"965";"0";"996";"0";"9960";"0";"0";"0"
"0";"1";"7.9";"8";"5";"12743";"2";"1560";"495";"965";"0";"996";"0";"9960";"0";"0";"0"
"0";"1";"8.2";"8";"5";"17368";"3";"1573";"863";"1551";"0";"1077";"0";"10770";"0";"0";"0"
"0";"1";"8.5";"8";"5";"17368";"3";"1573";"863";"1551";"0";"1077";"0";"10770";"0";"0";"0"
"0";"1";"8.8";"8";"5";"17368";"4";"1573";"863";"1551";"0";"1077";"0";"10770";"0";"0";"0"
"0";"1";"9.1";"8";"5";"10264";"1";"1550";"196";"540";"0";"993";"0";"9930";"0";"0";"0"
"0";"1";"9.4";"8";"5";"10264";"1";"1550";"196";"540";"0";"993";"0";"9930";"0";"0";"0"
"0";"1";"9.7";"8";"5";"10264";"1";"1550";"196";"540";"0";"993";"0";"9930";"0";"0";"0"
"1";"0";"0.1";"8";"6";"19871";"4";"1220";"1369";"2970";"9";"1068";"204";"10884";"19";"576";"766"
"1";"0";"0.4";"8";"6";"13811";"2";"1156";"471";"1417";"52";"1086";"183";"11592";"8";"200";"880"
"1";"0";"0.7";"8";"5";"13952";"2";"1659";"863";"1517";"98";"1159";"71";"12087";"0";"0";"0"
"1";"0";"1.0";"8";"5";"17163";"3";"1663";"198";"1265";"57";"1227";"69";"12960";"0";"0";"0"
"1";"0";"1.3";"8";"6";"12693";"2";"1192";"420";"1053";"161";"1060";"163";"12719";"3";"77";"1031"
"1";"0";"1.6";"8";"6";"8333";"1";"1186";"157";"495";"203";"1257";"81";"13866";"12";"161";"2696"
"1";"0";"1.9";"8";"5";"14072";"2";"1675";"541";"1121";"307";"1245";"61";"13609";"0";"0";"0"
"1";"0";"2.2";"8";"5";"10224";"1";"1727";"290";"610";"484";"1382";"48";"14876";"0";"0";"0"
"1";"0";"2.5";"8";"5";"11447";"2";"1767";"374";"753";"594";"1319";"44";"14290";"0";"0";"0"
"1";"0";"2.8";"8";"5";"8355";"1";"1771";"136";"345";"568";"1422";"54";"15732";"0";"0";"0"
"1";"0";"3.1";"8";"5";"13761";"2";"1677";"440";"909";"468";"1192";"110";"15330";"0";"0";"0"
"1";"0";"3.4";"8";"5";"18095";"3";"1684";"743";"1479";"470";"1235";"128";"16702";"0";"0";"0"
"1";"0";"3.7";"8";"5";"21569";"4";"1677";"1539";"2381";"477";"1171";"162";"17704";"0";"0";"0"
"1";"0";"4.0";"8";"6";"14537";"2";"1150";"183";"701";"258";"1089";"279";"22050";"18";"133";"5500"
"1";"0";"4.3";"8";"5";"13668";"2";"1632";"541";"992";"408";"1224";"61";"14863";"0";"0";"0"
"1";"0";"4.6";"8";"5";"19149";"4";"1634";"1563";"2267";"405";"1224";"61";"15046";"0";"0";"0"
"1";"0";"4.9";"8";"5";"19149";"4";"1634";"1563";"2267";"405";"1224";"61";"15229";"0";"0";"0"
"1";"0";"5.2";"8";"6";"16103";"3";"1122";"309";"1026";"316";"1129";"318";"27826";"10";"95";"5040"
"1";"0";"5.5";"8";"6";"16103";"2";"1122";"309";"1026";"316";"1129";"318";"28780";"33";"155";"8855"
"1";"0";"5.8";"8";"6";"16103";"2";"1122";"309";"1026";"316";"1129";"318";"29734";"10";"73";"4334"
"1";"0";"6.1";"8";"5";"15619";"2";"1563";"541";"1170";"392";"1369";"172";"24182";"0";"0";"0"
"1";"0";"6.4";"8";"5";"15619";"2";"1563";"541";"1170";"392";"1369";"172";"24698";"0";"0";"0"
"1";"0";"6.7";"8";"5";"19019";"3";"1559";"868";"1701";"390";"1369";"172";"25214";"0";"0";"0"
"1";"0";"7.0";"8";"5";"18486";"3";"1558";"1240";"2021";"399";"1320";"82";"18940";"0";"0";"0"
"1";"0";"7.3";"8";"5";"16426";"2";"1633";"546";"1223";"516";"1323";"159";"24837";"0";"0";"0"
"1";"0";"7.6";"8";"5";"16426";"2";"1633";"546";"1223";"516";"1323";"159";"25314";"0";"0";"0"
"1";"0";"7.9";"8";"5";"16426";"2";"1633";"546";"1223";"516";"1323";"159";"25791";"0";"0";"0"
"1";"0";"8.2";"8";"5";"11404";"2";"1619";"218";"606";"532";"1272";"85";"19690";"0";"0";"0"
"1";"0";"8.5";"8";"5";"11404";"1";"1619";"218";"606";"532";"1272";"85";"19945";"0";"0";"0"
"1";"0";"8.8";"8";"5";"11404";"2";"1619";"218";"606";"532";"1272";"85";"20200";"0";"0";"0"
"1";"0";"9.1";"8";"5";"18506";"3";"1617";"1023";"1772";"564";"1243";"113";"22713";"0";"0";"0"
"1";"0";"9.4";"8";"5";"18506";"3";"1617";"1023";"1772";"564";"1243";"113";"23052";"0";"0";"0"
"1";"0";"9.7";"8";"6";"8406";"1";"1160";"126";"434";"367";"1243";"113";"23391";"22";"95";"9435"
"1";"1";"dynamic";"8";"5";"11832";"1";"1775";"423";"784";"273";"1268";"0";"12680";"0";"0";"0"
"1";"1";"0.1";"8";"6";"25041";"3";"1224";"1276";"3393";"1";"1270";"0";"12700";"27";"457";"727"
"1";"1";"0.4";"8";"6";"7764";"0";"1198";"215";"655";"11";"1332";"0";"13320";"14";"154";"756"
"1";"1";"0.7";"8";"5";"18262";"3";"1664";"1327";"2215";"60";"1123";"0";"11230";"0";"0";"0"
"1";"1";"1.0";"8";"5";"9862";"1";"1650";"70";"522";"11";"1150";"0";"11500";"0";"0";"0"
"1";"1";"1.3";"8";"5";"15363";"2";"1653";"678";"1343";"170";"1183";"0";"11830";"0";"0";"0"
"1";"1";"1.6";"8";"5";"14817";"3";"1640";"713";"1325";"188";"1201";"0";"12010";"0";"0";"0"
"1";"1";"1.9";"8";"5";"17557";"4";"1666";"1431";"2120";"186";"1278";"0";"12780";"0";"0";"0"
"1";"1";"2.2";"8";"5";"16956";"3";"1668";"826";"1538";"192";"1289";"0";"12890";"0";"0";"0"
"1";"1";"2.5";"8";"5";"11556";"1";"1657";"350";"773";"199";"1185";"0";"11850";"0";"0";"0"
"1";"1";"2.8";"8";"5";"22293";"4";"1701";"1193";"2235";"198";"1379";"0";"13790";"0";"0";"0"
"1";"1";"3.1";"8";"6";"9777";"1";"1195";"123";"481";"130";"1252";"0";"12520";"12";"36";"1236"
"1";"1";"3.4";"8";"5";"22632";"3";"1672";"1393";"2275";"181";"1252";"0";"12520";"0";"0";"0"
"1";"1";"3.7";"8";"6";"9056";"1";"1194";"104";"438";"129";"1169";"0";"11690";"10";"154";"5798"
"1";"1";"4.0";"8";"5";"21852";"4";"1649";"788";"1985";"161";"1310";"0";"13100";"0";"0";"0"
"1";"1";"4.3";"8";"5";"21377";"3";"1663";"1081";"1960";"225";"1185";"0";"11850";"0";"0";"0"
"1";"1";"4.6";"8";"5";"22256";"4";"1662";"1190";"2126";"223";"1185";"0";"11850";"0";"0";"0"
"1";"1";"4.9";"8";"5";"22256";"3";"1662";"1190";"2126";"223";"1185";"0";"11850";"0";"0";"0"
"1";"1";"5.2";"8";"5";"17658";"3";"1665";"691";"1391";"210";"1315";"0";"13150";"0";"0";"0"
"1";"1";"5.5";"8";"5";"16771";"2";"1666";"667";"1287";"211";"1315";"0";"13150";"0";"0";"0"
"1";"1";"5.8";"8";"5";"18467";"2";"1666";"806";"1536";"211";"1315";"0";"13150";"0";"0";"0"
"1";"1";"6.1";"8";"5";"14422";"2";"1638";"333";"901";"212";"1218";"0";"12180";"0";"0";"0"
"1";"1";"6.4";"8";"5";"14422";"1";"1638";"333";"901";"212";"1218";"0";"12180";"0";"0";"0"
"1";"1";"6.7";"8";"5";"14535";"2";"1638";"349";"922";"212";"1218";"0";"12180";"0";"0";"0"
"1";"1";"7.0";"8";"5";"12242";"1";"1642";"150";"614";"211";"1206";"0";"12060";"0";"0";"0"
"1";"1";"7.3";"8";"6";"10924";"1";"1175";"238";"714";"121";"1331";"0";"13310";"31";"140";"10530"
"1";"1";"7.6";"8";"6";"10924";"1";"1175";"238";"714";"121";"1331";"0";"13310";"21";"151";"11686"
"1";"1";"7.9";"8";"6";"10924";"1";"1175";"238";"714";"121";"1331";"0";"13310";"17";"134";"10756"
"1";"1";"8.2";"8";"5";"14298";"1";"1629";"254";"816";"183";"1292";"0";"12920";"0";"0";"0"
"1";"1";"8.5";"8";"5";"14298";"1";"1629";"254";"816";"183";"1292";"0";"12920";"0";"0";"0"
"1";"1";"8.8";"8";"5";"14298";"1";"1629";"254";"816";"183";"1292";"0";"12920";"0";"0";"0"
"1";"1";"9.1";"8";"5";"19755";"3";"1668";"753";"1577";"191";"1353";"0";"13530";"0";"0";"0"
"1";"1";"9.4";"8";"5";"19755";"3";"1668";"753";"1577";"191";"1353";"0";"13530";"0";"0";"0"
"1";"1";"9.7";"8";"5";"19755";"2";"1668";"753";"1577";"191";"1353";"0";"13530";"0";"0";"0"
"0";"0";"0.1";"16";"6";"33543";"3";"1140";"836";"2478";"0";"1228";"262";"12542";"32";"327";"647"
"0";"0";"0.4";"16";"5";"20985";"2";"1724";"527";"1302";"0";"1343";"54";"13646";"0";"0";"0"
"0";"0";"0.7";"16";"6";"9512";"1";"1211";"114";"412";"0";"1301";"37";"13269";"14";"72";"644"
"0";"0";"1.0";"16";"5";"20768";"2";"1683";"239";"996";"0";"1286";"78";"13640";"0";"0";"0"
"0";"0";"1.3";"16";"5";"17161";"3";"1774";"812";"1299";"0";"1366";"18";"13894";"0";"0";"0"
"0";"0";"1.6";"16";"5";"14866";"3";"1787";"816";"1187";"0";"1318";"28";"13628";"0";"0";"0"
"0";"0";"1.9";"16";"5";"13285";"2";"1783";"872";"1151";"0";"1318";"28";"13712";"0";"0";"0"
"0";"0";"2.2";"16";"5";"17792";"4";"1656";"691";"1181";"0";"1327";"45";"14260";"0";"0";"0"
"0";"0";"2.5";"16";"5";"26466";"4";"1660";"1278";"2149";"0";"1325";"106";"15900";"0";"0";"0"
"0";"0";"2.8";"16";"6";"6303";"1";"1152";"63";"168";"0";"1325";"51";"14678";"15";"164";"4742"
"0";"0";"3.1";"16";"6";"8193";"1";"1173";"61";"222";"0";"1197";"77";"14357";"9";"51";"1671"
"0";"0";"3.4";"16";"5";"19295";"3";"1659";"830";"1316";"0";"1197";"77";"14588";"0";"0";"0"
"0";"0";"3.7";"16";"5";"17349";"3";"1617";"751";"1157";"0";"1197";"43";"13561";"0";"0";"0"
"0";"0";"4.0";"16";"6";"10570";"2";"1142";"67";"301";"0";"1065";"130";"15850";"16";"79";"3320"
"0";"0";"4.3";"16";"5";"17541";"2";"1598";"687";"1126";"0";"1200";"72";"15096";"0";"0";"0"
"0";"0";"4.6";"16";"5";"17222";"3";"1608";"617";"1050";"0";"1271";"54";"15194";"0";"0";"0"
"0";"0";"4.9";"16";"5";"17222";"3";"1608";"617";"1050";"0";"1271";"54";"15356";"0";"0";"0"
"0";"0";"5.2";"16";"5";"28801";"4";"1619";"818";"1664";"0";"1172";"161";"20092";"0";"0";"0"
"0";"0";"5.5";"16";"5";"28801";"4";"1619";"818";"1664";"0";"1172";"161";"20575";"0";"0";"0"
"0";"0";"5.8";"16";"5";"28801";"4";"1629";"818";"1664";"0";"1172";"161";"21058";"0";"0";"0"
"0";"0";"6.1";"16";"6";"11159";"2";"1156";"164";"446";"0";"1268";"185";"23965";"23";"115";"7245"
"0";"0";"6.4";"16";"6";"11159";"1";"1156";"164";"446";"0";"1268";"185";"24520";"22";"103";"6812"
"0";"0";"6.7";"16";"6";"11159";"1";"1156";"164";"446";"0";"1268";"185";"25075";"22";"113";"7791"
"0";"0";"7.0";"16";"5";"23799";"2";"1622";"496";"1184";"0";"1206";"172";"24100";"0";"0";"0"
"0";"0";"7.3";"16";"6";"7734";"2";"1127";"80";"224";"0";"1214";"97";"19221";"10";"56";"4188"
"0";"0";"7.6";"16";"6";"7734";"1";"1127";"80";"224";"0";"1214";"97";"19512";"51";"85";"6970"
"0";"0";"7.9";"16";"6";"7734";"1";"1127";"80";"224";"0";"1214";"97";"19803";"13";"108";"8662"
"0";"0";"8.2";"16";"5";"10233";"1";"1592";"77";"270";"0";"1133";"97";"19284";"0";"0";"0"
"0";"0";"8.5";"16";"5";"10233";"1";"1592";"77";"270";"0";"1133";"97";"19575";"0";"0";"0"
"0";"0";"8.8";"16";"5";"10233";"2";"1592";"77";"270";"0";"1133";"97";"19866";"0";"0";"0"
"0";"0";"9.1";"16";"6";"6497";"1";"1136";"42";"150";"0";"1140";"97";"20227";"11";"63";"5843"
"0";"0";"9.4";"16";"6";"6497";"0";"1136";"42";"150";"0";"1140";"97";"20518";"18";"73";"7042"
"0";"0";"9.7";"16";"6";"6497";"0";"1136";"42";"150";"0";"1140";"97";"20809";"5";"71";"6937"
"0";"1";"dynamic";"16";"5";"19909";"3";"1593";"772";"1363";"0";"1209";"0";"12090";"0";"0";"0"
"0";"1";"0.1";"16";"6";"33700";"3";"1154";"1237";"2781";"0";"1149";"0";"11490";"30";"474";"774"
"0";"1";"0.4";"16";"6";"19679";"1";"1172";"412";"1199";"0";"1298";"0";"12980";"16";"105";"580"
"0";"1";"0.7";"16";"5";"22462";"3";"1603";"1200";"1960";"0";"1298";"0";"12980";"0";"0";"0"
"0";"1";"1.0";"16";"5";"33733";"4";"1665";"362";"1747";"0";"1195";"0";"11950";"0";"0";"0"
"0";"1";"1.3";"16";"5";"14589";"1";"1635";"346";"753";"0";"1200";"0";"12000";"0";"0";"0"
"0";"1";"1.6";"16";"5";"22353";"4";"1684";"1027";"1692";"0";"1254";"0";"12540";"0";"0";"0"
"0";"1";"1.9";"16";"5";"23039";"3";"1686";"939";"1640";"0";"1278";"0";"12780";"0";"0";"0"
"0";"1";"2.2";"16";"5";"15592";"1";"1628";"492";"885";"0";"1208";"0";"12080";"0";"0";"0"
"0";"1";"2.5";"16";"6";"8515";"1";"1176";"62";"256";"0";"1148";"0";"11480";"9";"40";"1090"
"0";"1";"2.8";"16";"5";"21624";"2";"1609";"870";"1488";"0";"1096";"0";"10960";"0";"0";"0"
"0";"1";"3.1";"16";"5";"21395";"3";"1664";"585";"1208";"0";"1259";"0";"12590";"0";"0";"0"
"0";"1";"3.4";"16";"6";"9195";"1";"1181";"78";"293";"0";"1259";"0";"12590";"23";"88";"3222"
"0";"1";"3.7";"16";"5";"29143";"2";"1628";"914";"1846";"0";"1153";"0";"11530";"0";"0";"0"
"0";"1";"4.0";"16";"5";"14408";"2";"1722";"106";"453";"0";"1427";"0";"14270";"0";"0";"0"
"0";"1";"4.3";"16";"5";"25138";"2";"1698";"713";"1466";"0";"1168";"0";"11680";"0";"0";"0"
"0";"1";"4.6";"16";"5";"18792";"3";"1715";"584";"1059";"0";"1252";"0";"12520";"0";"0";"0"
"0";"1";"4.9";"16";"5";"18792";"2";"1715";"584";"1059";"0";"1252";"0";"12520";"0";"0";"0"
"0";"1";"5.2";"16";"5";"21854";"4";"1730";"907";"1519";"0";"1285";"0";"12850";"0";"0";"0"
"0";"1";"5.5";"16";"5";"16971";"3";"1729";"481";"904";"0";"1285";"0";"12850";"0";"0";"0"
"0";"1";"5.8";"16";"5";"17992";"3";"1729";"618";"1079";"0";"1285";"0";"12850";"0";"0";"0"
"0";"1";"6.1";"16";"6";"8815";"1";"1226";"106";"298";"0";"1276";"0";"12760";"20";"90";"5690"
"0";"1";"6.4";"16";"6";"8815";"1";"1226";"106";"298";"0";"1276";"0";"12760";"18";"93";"6132"
"0";"1";"6.7";"16";"6";"8815";"1";"1226";"106";"298";"0";"1276";"0";"12760";"12";"100";"6820"
"0";"1";"7.0";"16";"5";"15483";"2";"1721";"335";"718";"0";"1232";"0";"12320";"0";"0";"0"
"0";"1";"7.3";"16";"5";"25420";"3";"1687";"675";"1424";"0";"1126";"0";"11260";"0";"0";"0"
"0";"1";"7.6";"16";"5";"25420";"4";"1687";"675";"1424";"0";"1126";"0";"11260";"0";"0";"0"
"0";"1";"7.9";"16";"5";"25420";"3";"1687";"675";"1424";"0";"1126";"0";"11260";"0";"0";"0"
"0";"1";"8.2";"16";"5";"13402";"2";"1713";"251";"536";"0";"1261";"0";"12610";"0";"0";"0"
"0";"1";"8.5";"16";"5";"13402";"2";"1713";"251";"536";"0";"1261";"0";"12610";"0";"0";"0"
"0";"1";"8.8";"16";"5";"13402";"2";"1713";"251";"536";"0";"1261";"0";"12610";"0";"0";"0"
"0";"1";"9.1";"16";"5";"17030";"2";"1726";"501";"916";"0";"1279";"0";"12790";"0";"0";"0"
"0";"1";"9.4";"16";"5";"17030";"3";"1726";"501";"916";"0";"1279";"0";"12790";"0";"0";"0"
"0";"1";"9.7";"16";"5";"17030";"3";"1726";"501";"916";"0";"1279";"0";"12790";"0";"0";"0"
"1";"0";"0.1";"16";"6";"34501";"3";"1140";"872";"2561";"2";"1229";"280";"12570";"16";"234";"394"
"1";"0";"0.4";"16";"5";"18402";"1";"1684";"354";"1046";"73";"1285";"49";"13046";"0";"0";"0"
"1";"0";"0.7";"16";"5";"19821";"3";"1644";"368";"1107";"60";"1203";"56";"12422";"0";"0";"0"
"1";"0";"1.0";"16";"5";"15677";"2";"1753";"174";"678";"26";"1276";"15";"12910";"0";"0";"0"
"1";"0";"1.3";"16";"6";"18994";"3";"1124";"488";"1161";"134";"1071";"217";"13531";"15";"43";"709"
"1";"0";"1.6";"16";"6";"5428";"0";"1177";"69";"171";"83";"1194";"18";"12228";"6";"92";"1532"
"1";"0";"1.9";"16";"5";"19210";"2";"1629";"1186";"1755";"134";"1160";"114";"13766";"0";"0";"0"
"1";"0";"2.2";"16";"5";"14665";"3";"1591";"487";"833";"232";"1290";"30";"13560";"0";"0";"0"
"1";"0";"2.5";"16";"5";"11343";"1";"1608";"136";"389";"238";"1305";"28";"13750";"0";"0";"0"
"1";"0";"2.8";"16";"5";"11108";"1";"1604";"142";"382";"238";"1305";"28";"13834";"0";"0";"0"
"1";"0";"3.1";"16";"5";"20027";"4";"1618";"1115";"1637";"260";"1293";"64";"14914";"0";"0";"0"
"1";"0";"3.4";"16";"5";"17431";"2";"1614";"648";"1107";"261";"1287";"64";"15046";"0";"0";"0"
"1";"0";"3.7";"16";"5";"19088";"3";"1666";"736";"1242";"293";"1363";"88";"16886";"0";"0";"0"
"1";"0";"4.0";"16";"6";"9057";"1";"1149";"72";"252";"158";"1299";"54";"15150";"26";"116";"4900"
"1";"0";"4.3";"16";"5";"19106";"2";"1645";"571";"1090";"253";"1350";"147";"19821";"0";"0";"0"
"1";"0";"4.6";"16";"6";"7712";"1";"1165";"68";"221";"132";"1239";"54";"14874";"10";"38";"1848"
"1";"0";"4.9";"16";"6";"7712";"1";"1165";"68";"221";"132";"1239";"54";"15036";"6";"47";"2363"
"1";"0";"5.2";"16";"6";"9669";"1";"1182";"58";"249";"207";"1400";"75";"17900";"14";"131";"6952"
"1";"0";"5.5";"16";"6";"9669";"1";"1182";"58";"249";"207";"1400";"75";"18125";"15";"119";"6695"
"1";"0";"5.8";"16";"6";"9669";"1";"1182";"58";"249";"207";"1400";"75";"18350";"28";"74";"4572"
"1";"0";"6.1";"16";"6";"8391";"1";"1132";"54";"217";"251";"1206";"61";"15781";"11";"100";"6210"
"1";"0";"6.4";"16";"6";"8391";"1";"1132";"54";"217";"251";"1206";"61";"15964";"20";"122";"8008"
"1";"0";"6.7";"16";"6";"8391";"1";"1132";"54";"217";"251";"1206";"61";"16147";"11";"147";"9959"
"1";"0";"7.0";"16";"5";"26010";"3";"1616";"719";"1478";"362";"1266";"159";"23790";"0";"0";"0"
"1";"0";"7.3";"16";"5";"15852";"3";"1665";"367";"699";"426";"1390";"69";"18937";"0";"0";"0"
"1";"0";"7.6";"16";"5";"15852";"2";"1665";"367";"699";"426";"1390";"69";"19144";"0";"0";"0"
"1";"0";"7.9";"16";"5";"15852";"3";"1665";"367";"699";"426";"1390";"69";"19351";"0";"0";"0"
"1";"0";"8.2";"16";"6";"8695";"1";"1175";"79";"242";"258";"1334";"70";"19080";"11";"71";"5932"
"1";"0";"8.5";"16";"6";"8695";"1";"1175";"79";"242";"258";"1334";"70";"19290";"14";"63";"5495"
"1";"0";"8.8";"16";"6";"8695";"1";"1175";"79";"242";"258";"1334";"70";"19500";"13";"69";"6202"
"1";"0";"9.1";"16";"5";"17087";"2";"1669";"494";"897";"413";"1360";"59";"18969";"0";"0";"0"
"1";"0";"9.4";"16";"5";"17087";"3";"1669";"494";"897";"413";"1360";"59";"19146";"0";"0";"0"
"1";"0";"9.7";"16";"5";"17087";"3";"1669";"494";"897";"413";"1360";"59";"19323";"0";"0";"0"
"1";"1";"dynamic";"16";"5";"19089";"3";"1575";"523";"1081";"76";"1141";"0";"11410";"0";"0";"0"
"1";"1";"0.1";"16";"6";"29880";"2";"1154";"1068";"2419";"1";"1114";"0";"11140";"19";"142";"332"
"1";"1";"0.4";"16";"6";"25722";"2";"1198";"797";"1879";"20";"1159";"0";"11590";"21";"65";"470"
"1";"1";"0.7";"16";"5";"16509";"1";"1547";"599";"1162";"19";"1158";"0";"11580";"0";"0";"0"
"1";"1";"1.0";"16";"5";"22397";"3";"1613";"224";"1058";"16";"1316";"0";"13160";"0";"0";"0"
"1";"1";"1.3";"16";"5";"12476";"1";"1628";"193";"481";"108";"1221";"0";"12210";"0";"0";"0"
"1";"1";"1.6";"16";"6";"8286";"1";"1165";"88";"257";"64";"1207";"0";"12070";"21";"108";"1938"
"1";"1";"1.9";"16";"5";"19402";"2";"1607";"738";"1268";"101";"1107";"0";"11070";"0";"0";"0"
"1";"1";"2.2";"16";"5";"15226";"2";"1638";"595";"936";"198";"1279";"0";"12790";"0";"0";"0"
"1";"1";"2.5";"16";"5";"20823";"3";"1652";"697";"1322";"197";"1306";"0";"13060";"0";"0";"0"
"1";"1";"2.8";"16";"5";"12932";"1";"1648";"344";"620";"208";"1297";"0";"12970";"0";"0";"0"
"1";"1";"3.1";"16";"6";"7734";"0";"1188";"79";"219";"110";"1266";"0";"12660";"6";"97";"3067"
"1";"1";"3.4";"16";"5";"23242";"4";"1662";"1205";"1835";"168";"1266";"0";"12660";"0";"0";"0"
"1";"1";"3.7";"16";"5";"12545";"1";"1666";"184";"445";"160";"1334";"0";"13340";"0";"0";"0"
"1";"1";"4.0";"16";"5";"13308";"1";"1649";"170";"486";"179";"1268";"0";"12680";"0";"0";"0"
"1";"1";"4.3";"16";"6";"19547";"3";"1183";"582";"1205";"129";"1197";"0";"11970";"3";"51";"2223"
"1";"1";"4.6";"16";"5";"30992";"4";"1643";"1232";"2178";"197";"1304";"0";"13040";"0";"0";"0"
"1";"1";"4.9";"16";"6";"11770";"2";"1183";"211";"510";"130";"1304";"0";"13040";"22";"81";"4189"
"1";"1";"5.2";"16";"5";"23143";"3";"1716";"713";"1329";"174";"1337";"0";"13370";"0";"0";"0"
"1";"1";"5.5";"16";"5";"23388";"3";"1697";"711";"1382";"178";"1287";"0";"12870";"0";"0";"0"
"1";"1";"5.8";"16";"5";"23388";"3";"1697";"711";"1382";"178";"1287";"0";"12870";"0";"0";"0"
"1";"1";"6.1";"16";"5";"13946";"2";"1665";"281";"595";"158";"1154";"0";"11540";"0";"0";"0"
"1";"1";"6.4";"16";"5";"13946";"1";"1665";"281";"595";"158";"1154";"0";"11540";"0";"0";"0"
"1";"1";"6.7";"16";"5";"13946";"2";"1665";"281";"595";"158";"1154";"0";"11540";"0";"0";"0"
"1";"1";"7.0";"16";"5";"17713";"1";"1689";"251";"708";"162";"1198";"0";"11980";"0";"0";"0"
"1";"1";"7.3";"16";"6";"9833";"1";"1201";"153";"380";"115";"1273";"0";"12730";"25";"132";"9886"
"1";"1";"7.6";"16";"5";"24088";"4";"1680";"1026";"1697";"173";"1273";"0";"12730";"0";"0";"0"
"1";"1";"7.9";"16";"5";"24088";"4";"1680";"1026";"1697";"173";"1273";"0";"12730";"0";"0";"0"
"1";"1";"8.2";"16";"5";"14264";"1";"1643";"255";"549";"164";"1220";"0";"12200";"0";"0";"0"
"1";"1";"8.5";"16";"5";"14264";"2";"1643";"255";"549";"164";"1220";"0";"12200";"0";"0";"0"
"1";"1";"8.8";"16";"5";"14264";"1";"1643";"255";"549";"164";"1220";"0";"12200";"0";"0";"0"
"1";"1";"9.1";"16";"5";"16280";"2";"1672";"602";"952";"144";"1365";"0";"13650";"0";"0";"0"
"1";"1";"9.4";"16";"5";"16280";"3";"1672";"602";"952";"144";"1365";"0";"13650";"0";"0";"0"
"1";"1";"9.7";"16";"5";"16280";"2";"1672";"602";"952";"144";"1365";"0";"13650";"0";"0";"0"
"0";"0";"0.1";"32";"8";"19643";"4";"477";"123";"636";"0";"635";"96";"6446";"38";"11";"391"
"0";"0";"0.4";"32";"7";"27395";"3";"814";"133";"813";"0";"965";"52";"9858";"4";"4";"56"
"0";"0";"0.7";"32";"6";"9496";"1";"1179";"140";"299";"0";"1262";"31";"12837";"21";"48";"546"
"0";"0";"1.0";"32";"6";"27756";"2";"1230";"152";"668";"0";"1131";"109";"12400";"32";"76";"1080"
"0";"0";"1.3";"32";"5";"25119";"2";"1616";"384";"858";"0";"1097";"68";"11854";"0";"0";"0"
"0";"0";"1.6";"32";"5";"21192";"2";"1616";"530";"887";"0";"1120";"39";"11824";"0";"0";"0"
"0";"0";"1.9";"32";"6";"18083";"2";"1180";"252";"590";"0";"1268";"88";"14352";"11";"114";"2276"
"0";"0";"2.2";"32";"6";"19667";"2";"1155";"214";"574";"0";"1065";"93";"12696";"12";"114";"2628"
"0";"0";"2.5";"32";"5";"45146";"4";"1618";"981";"1936";"0";"1143";"137";"14855";"0";"0";"0"
"0";"0";"2.8";"32";"5";"25483";"3";"1600";"599";"1009";"0";"1071";"82";"13006";"0";"0";"0"
"0";"0";"3.1";"32";"5";"28949";"3";"1615";"503";"1027";"0";"1086";"131";"14921";"0";"0";"0"
"0";"0";"3.4";"32";"5";"29806";"3";"1614";"564";"1107";"0";"1086";"131";"15314";"0";"0";"0"
"0";"0";"3.7";"32";"6";"14160";"1";"1172";"107";"334";"0";"1053";"68";"13046";"28";"106";"4202"
"0";"0";"4.0";"32";"6";"16994";"1";"1187";"183";"455";"0";"1099";"89";"14550";"22";"63";"2740"
"0";"0";"4.3";"32";"6";"13845";"1";"1165";"97";"313";"0";"1017";"82";"13696";"36";"77";"3671"
"0";"0";"4.6";"32";"5";"26457";"3";"1598";"400";"862";"0";"1017";"82";"13942";"0";"0";"0"
"0";"0";"4.9";"32";"5";"26457";"3";"1598";"400";"862";"0";"1017";"82";"14188";"0";"0";"0"
"0";"0";"5.2";"32";"5";"25696";"2";"1599";"372";"807";"0";"1137";"88";"15946";"0";"0";"0"
"0";"0";"5.5";"32";"5";"25696";"2";"1599";"372";"807";"0";"1137";"88";"16210";"0";"0";"0"
"0";"0";"5.8";"32";"5";"25696";"2";"1599";"372";"807";"0";"1137";"88";"16474";"0";"0";"0"
"0";"0";"6.1";"32";"6";"17481";"3";"1133";"120";"396";"0";"1110";"115";"18115";"42";"74";"4934"
"0";"0";"6.4";"32";"6";"17481";"1";"1133";"120";"396";"0";"1110";"115";"18460";"14";"77";"5068"
"0";"0";"6.7";"32";"6";"17481";"1";"1133";"120";"396";"0";"1110";"115";"18805";"2";"46";"3102"
"0";"0";"7.0";"32";"6";"17555";"2";"1149";"142";"414";"0";"1170";"135";"21150";"13";"74";"5310"
"0";"0";"7.3";"32";"6";"18368";"2";"1200";"182";"477";"0";"1128";"144";"21792";"20";"70";"5310"
"0";"0";"7.6";"32";"6";"18368";"2";"1200";"182";"477";"0";"1128";"144";"22224";"24";"99";"7764"
"0";"0";"7.9";"32";"6";"18368";"2";"1200";"182";"477";"0";"1128";"144";"22656";"23";"105";"8525"
"0";"0";"8.2";"32";"5";"30407";"2";"1675";"438";"946";"0";"1136";"136";"22512";"0";"0";"0"
"0";"0";"8.5";"32";"5";"30407";"3";"1675";"438";"946";"0";"1136";"136";"22920";"0";"0";"0"
"0";"0";"8.8";"32";"5";"30407";"3";"1675";"438";"946";"0";"1136";"136";"23328";"0";"0";"0"
"0";"0";"9.1";"32";"5";"35107";"3";"1679";"951";"1557";"0";"1175";"142";"24672";"0";"0";"0"
"0";"0";"9.4";"32";"5";"35107";"4";"1679";"951";"1557";"0";"1175";"142";"25098";"0";"0";"0"
"0";"0";"9.7";"32";"5";"35107";"4";"1679";"951";"1557";"0";"1175";"142";"25524";"0";"0";"0"
"0";"1";"dynamic";"32";"6";"12522";"1";"1251";"119";"332";"0";"1144";"0";"11440";"23";"104";"6054"
"0";"1";"0.1";"32";"8";"24198";"4";"478";"400";"1017";"0";"626";"0";"6260";"10";"85";"185"
"0";"1";"0.4";"32";"6";"24253";"2";"1245";"543";"1073";"0";"1109";"0";"11090";"10";"64";"356"
"0";"1";"0.7";"32";"6";"14945";"1";"1261";"214";"493";"0";"1211";"0";"12110";"10";"66";"562"
"0";"1";"1.0";"32";"6";"22457";"1";"1208";"125";"586";"0";"1359";"0";"13590";"17";"66";"830"
"0";"1";"1.3";"32";"6";"13222";"0";"1230";"169";"414";"0";"1294";"0";"12940";"21";"142";"2056"
"0";"1";"1.6";"32";"6";"18767";"1";"1230";"243";"623";"0";"1181";"0";"11810";"9";"39";"714"
"0";"1";"1.9";"32";"5";"37091";"4";"1696";"1686";"2413";"0";"1142";"0";"11420";"0";"0";"0"
"0";"1";"2.2";"32";"6";"13522";"1";"1166";"170";"402";"0";"1190";"0";"11900";"7";"21";"532"
"0";"1";"2.5";"32";"6";"17815";"1";"1166";"226";"565";"0";"1148";"0";"11480";"13";"58";"1580"
"0";"1";"2.8";"32";"6";"15529";"0";"1166";"224";"505";"0";"1227";"0";"12270";"11";"122";"3526"
"0";"1";"3.1";"32";"6";"10290";"0";"1179";"99";"257";"0";"1364";"0";"13640";"19";"138";"4468"
"0";"1";"3.4";"32";"6";"10290";"0";"1179";"99";"257";"0";"1364";"0";"13640";"27";"129";"4656"
"0";"1";"3.7";"32";"5";"27329";"3";"1669";"986";"1482";"0";"1382";"0";"13820";"0";"0";"0"
"0";"1";"4.0";"32";"6";"13443";"0";"1167";"120";"347";"0";"1140";"0";"11400";"6";"66";"2700"
"0";"1";"4.3";"32";"5";"26725";"3";"1626";"742";"1234";"0";"1282";"0";"12820";"0";"0";"0"
"0";"1";"4.6";"32";"6";"10416";"0";"1165";"113";"272";"0";"1274";"0";"12740";"21";"124";"5914"
"0";"1";"4.9";"32";"6";"10416";"0";"1165";"113";"272";"0";"1274";"0";"12740";"17";"124";"6246"
"0";"1";"5.2";"32";"5";"23365";"2";"1629";"452";"862";"0";"1196";"0";"11960";"0";"0";"0"
"0";"1";"5.5";"32";"5";"21082";"3";"1629";"393";"744";"0";"1196";"0";"11960";"0";"0";"0"
"0";"1";"5.8";"32";"5";"25871";"3";"1629";"691";"1152";"0";"1196";"0";"11960";"0";"0";"0"
"0";"1";"6.1";"32";"5";"20823";"2";"1621";"207";"573";"0";"1160";"0";"11600";"0";"0";"0"
"0";"1";"6.4";"32";"5";"20823";"1";"1621";"207";"573";"0";"1160";"0";"11600";"0";"0";"0"
"0";"1";"6.7";"32";"5";"20188";"1";"1621";"182";"533";"0";"1160";"0";"11600";"0";"0";"0"
"0";"1";"7.0";"32";"5";"17562";"2";"1659";"160";"446";"0";"1325";"0";"13250";"0";"0";"0"
"0";"1";"7.3";"32";"5";"31804";"4";"1669";"1021";"1623";"0";"1389";"0";"13890";"0";"0";"0"
"0";"1";"7.6";"32";"5";"31804";"4";"1669";"1021";"1623";"0";"1389";"0";"13890";"0";"0";"0"
"0";"1";"7.9";"32";"6";"10983";"1";"1176";"96";"266";"0";"1389";"0";"13890";"21";"83";"6767"
"0";"1";"8.2";"32";"5";"29892";"4";"1687";"692";"1262";"0";"1374";"0";"13740";"0";"0";"0"
"0";"1";"8.5";"32";"5";"29892";"4";"1687";"692";"1262";"0";"1374";"0";"13740";"0";"0";"0"
"0";"1";"8.8";"32";"6";"10880";"1";"1177";"86";"255";"0";"1374";"0";"13740";"17";"42";"3866"
"0";"1";"9.1";"32";"6";"10880";"0";"1177";"86";"255";"0";"1374";"0";"13740";"16";"146";"13446"
"0";"1";"9.4";"32";"6";"10880";"0";"1177";"86";"255";"0";"1374";"0";"13740";"31";"66";"6514"
"0";"1";"9.7";"32";"6";"10880";"0";"1177";"86";"255";"0";"1374";"0";"13740";"16";"69";"6853"
"1";"0";"0.1";"32";"8";"19643";"3";"477";"123";"636";"0";"635";"96";"6446";"2";"19";"39"
"1";"0";"0.4";"32";"7";"25797";"3";"815";"266";"880";"25";"970";"46";"9884";"19";"69";"466"
"1";"0";"0.7";"32";"6";"12886";"1";"1235";"294";"520";"75";"1147";"33";"11701";"39";"159";"1503"
"1";"0";"1.0";"32";"6";"9991";"1";"1205";"23";"142";"16";"1282";"42";"13240";"22";"87";"1090"
"1";"0";"1.3";"32";"5";"28511";"2";"1654";"645";"1191";"200";"1240";"68";"13284";"0";"0";"0"
"1";"0";"1.6";"32";"5";"27200";"3";"1784";"549";"1063";"197";"1349";"86";"14866";"0";"0";"0"
"1";"0";"1.9";"32";"5";"33506";"4";"1770";"828";"1490";"153";"1394";"87";"15593";"0";"0";"0"
"1";"0";"2.2";"32";"5";"27002";"4";"1691";"979";"1449";"281";"1336";"28";"13976";"0";"0";"0"
"1";"0";"2.5";"32";"5";"19367";"2";"1715";"279";"588";"327";"1374";"31";"14515";"0";"0";"0"
"1";"0";"2.8";"32";"5";"14065";"1";"1688";"129";"313";"312";"1296";"18";"13464";"0";"0";"0"
"1";"0";"3.1";"32";"5";"22004";"2";"1646";"596";"945";"411";"1137";"38";"12548";"0";"0";"0"
"1";"0";"3.4";"32";"5";"16889";"1";"1644";"140";"388";"411";"1137";"38";"12662";"0";"0";"0"
"1";"0";"3.7";"32";"5";"21340";"2";"1647";"560";"893";"411";"1137";"38";"12776";"0";"0";"0"
"1";"0";"4.0";"32";"5";"39739";"4";"1608";"587";"1396";"418";"1074";"102";"14820";"0";"0";"0"
"1";"0";"4.3";"32";"5";"22691";"2";"1608";"236";"627";"407";"1146";"55";"13825";"0";"0";"0"
"1";"0";"4.6";"32";"5";"22748";"2";"1613";"371";"752";"410";"1146";"55";"13990";"0";"0";"0"
"1";"0";"4.9";"32";"5";"22748";"2";"1613";"371";"752";"410";"1146";"55";"14155";"0";"0";"0"
"1";"0";"5.2";"32";"6";"13090";"1";"1155";"140";"343";"271";"1108";"79";"15188";"44";"128";"7096"
"1";"0";"5.5";"32";"6";"13090";"1";"1155";"140";"343";"271";"1108";"79";"15425";"42";"112";"6580"
"1";"0";"5.8";"32";"6";"13090";"1";"1155";"140";"343";"271";"1108";"79";"15662";"31";"141";"8488"
"1";"0";"6.1";"32";"5";"27307";"3";"1648";"393";"866";"452";"1268";"132";"20732";"0";"0";"0"
"1";"0";"6.4";"32";"5";"27307";"3";"1648";"393";"866";"452";"1268";"132";"21128";"0";"0";"0"
"1";"0";"6.7";"32";"5";"27307";"4";"1649";"393";"866";"450";"1268";"132";"21524";"0";"0";"0"
"1";"0";"7.0";"32";"5";"16265";"1";"1650";"175";"428";"310";"1236";"41";"15230";"0";"0";"0"
"1";"0";"7.3";"32";"5";"21117";"3";"1702";"265";"626";"430";"1234";"40";"15260";"0";"0";"0"
"1";"0";"7.6";"32";"5";"21117";"3";"1702";"265";"626";"430";"1234";"40";"15380";"0";"0";"0"
"1";"0";"7.9";"32";"5";"21117";"3";"1702";"265";"626";"430";"1234";"40";"15500";"0";"0";"0"
"1";"0";"8.2";"32";"5";"19789";"2";"1708";"385";"700";"444";"1234";"40";"15620";"0";"0";"0"
"1";"0";"8.5";"32";"5";"19789";"2";"1708";"385";"700";"444";"1234";"40";"15740";"0";"0";"0"
"1";"0";"8.8";"32";"5";"19789";"3";"1708";"385";"700";"444";"1234";"40";"15860";"0";"0";"0"
"1";"0";"9.1";"32";"5";"14499";"1";"1701";"121";"324";"439";"1226";"40";"15900";"0";"0";"0"
"1";"0";"9.4";"32";"5";"14499";"1";"1701";"121";"324";"439";"1226";"40";"16020";"0";"0";"0"
"1";"0";"9.7";"32";"5";"14499";"1";"1701";"121";"324";"439";"1226";"40";"16140";"0";"0";"0"
"1";"1";"dynamic";"32";"5";"53831";"4";"1584";"1499";"2696";"59";"1184";"0";"11840";"0";"0";"0"
"1";"1";"0.1";"32";"8";"24198";"4";"478";"400";"1017";"0";"626";"0";"6260";"12";"48";"168"
"1";"1";"0.4";"32";"5";"71564";"4";"1727";"1131";"2911";"39";"1138";"0";"11380";"0";"0";"0"
"1";"1";"0.7";"32";"5";"50458";"4";"1583";"1344";"2517";"39";"1077";"0";"10770";"0";"0";"0"
"1";"1";"1.0";"32";"5";"31016";"2";"1633";"131";"756";"23";"1233";"0";"12330";"0";"0";"0"
"1";"1";"1.3";"32";"6";"8171";"1";"1221";"110";"217";"30";"1169";"0";"11690";"8";"90";"1250"
"1";"1";"1.6";"32";"6";"9743";"0";"1211";"206";"349";"21";"1215";"0";"12150";"46";"73";"1628"
"1";"1";"1.9";"32";"5";"15889";"1";"1683";"386";"636";"39";"1233";"0";"12330";"0";"0";"0"
"1";"1";"2.2";"32";"6";"11394";"1";"1167";"52";"226";"50";"1122";"0";"11220";"22";"96";"2332"
"1";"1";"2.5";"32";"6";"12252";"0";"1165";"84";"278";"49";"1090";"0";"10900";"15";"72";"1950"
"1";"1";"2.8";"32";"5";"23739";"2";"1597";"533";"941";"82";"1069";"0";"10690";"0";"0";"0"
"1";"1";"3.1";"32";"5";"32905";"2";"1623";"567";"1192";"91";"1274";"0";"12740";"0";"0";"0"
"1";"1";"3.4";"32";"5";"46247";"4";"1632";"1277";"2208";"95";"1288";"0";"12880";"0";"0";"0"
"1";"1";"3.7";"32";"5";"27869";"3";"1611";"409";"911";"95";"1162";"0";"11620";"0";"0";"0"
"1";"1";"4.0";"32";"6";"10480";"1";"1170";"79";"230";"61";"1126";"0";"11260";"13";"59";"2490"
"1";"1";"4.3";"32";"5";"16800";"1";"1644";"136";"384";"79";"1346";"0";"13460";"0";"0";"0"
"1";"1";"4.6";"32";"5";"29917";"4";"1647";"786";"1338";"83";"1346";"0";"13460";"0";"0";"0"
"1";"1";"4.9";"32";"5";"29917";"4";"1647";"786";"1338";"83";"1346";"0";"13460";"0";"0";"0"
"1";"1";"5.2";"32";"5";"31872";"2";"1607";"562";"1084";"89";"1174";"0";"11740";"0";"0";"0"
"1";"1";"5.5";"32";"5";"33130";"4";"1605";"638";"1187";"88";"1174";"0";"11740";"0";"0";"0"
"1";"1";"5.8";"32";"5";"39583";"4";"1604";"1218";"1897";"88";"1174";"0";"11740";"0";"0";"0"
"1";"1";"6.1";"32";"5";"17126";"2";"1629";"155";"415";"89";"1298";"0";"12980";"0";"0";"0"
"1";"1";"6.4";"32";"5";"17126";"1";"1629";"155";"415";"89";"1298";"0";"12980";"0";"0";"0"
"1";"1";"6.7";"32";"5";"17126";"2";"1629";"155";"415";"89";"1298";"0";"12980";"0";"0";"0"
"1";"1";"7.0";"32";"5";"32413";"3";"1617";"624";"1220";"91";"1306";"0";"13060";"0";"0";"0"
"1";"1";"7.3";"32";"5";"26556";"3";"1616";"447";"894";"85";"1115";"0";"11150";"0";"0";"0"
"1";"1";"7.6";"32";"5";"26556";"2";"1616";"447";"894";"85";"1115";"0";"11150";"0";"0";"0"
"1";"1";"7.9";"32";"5";"26556";"3";"1616";"447";"894";"85";"1115";"0";"11150";"0";"0";"0"
"1";"1";"8.2";"32";"5";"22744";"3";"1633";"415";"769";"82";"1220";"0";"12200";"0";"0";"0"
"1";"1";"8.5";"32";"5";"22744";"2";"1633";"415";"769";"82";"1220";"0";"12200";"0";"0";"0"
"1";"1";"8.8";"32";"5";"22744";"3";"1633";"415";"769";"82";"1220";"0";"12200";"0";"0";"0"
"1";"1";"9.1";"32";"5";"30472";"2";"1607";"416";"944";"77";"1108";"0";"11080";"0";"0";"0"
"1";"1";"9.4";"32";"5";"30472";"2";"1607";"416";"944";"77";"1108";"0";"11080";"0";"0";"0"
"1";"1";"9.7";"32";"5";"30472";"2";"1607";"416";"944";"77";"1108";"0";"11080";"0";"0";"0"
